Geography,Rates,Vector,Coordinate,Jan-92,Feb-92,Mar-92,Apr-92,May-92,Jun-92,Jul-92,Aug-92,Sep-92,Oct-92,Nov-92,Dec-92,Jan-93,Feb-93,Mar-93,Apr-93,May-93,Jun-93,Jul-93,Aug-93,Sep-93,Oct-93,Nov-93,Dec-93,Jan-94,Feb-94,Mar-94,Apr-94,May-94,Jun-94,Jul-94,Aug-94,Sep-94,Oct-94,Nov-94,Dec-94,Jan-95,Feb-95,Mar-95,Apr-95,May-95,Jun-95,Jul-95,Aug-95,Sep-95,Oct-95,Nov-95,Dec-95,Jan-96,Feb-96,Mar-96,Apr-96,May-96,Jun-96,Jul-96,Aug-96,Sep-96,Oct-96,Nov-96,Dec-96,Jan-97,Feb-97,Mar-97,Apr-97,May-97,Jun-97,Jul-97,Aug-97,Sep-97,Oct-97,Nov-97,Dec-97,Jan-98,Feb-98,Mar-98,Apr-98,May-98,Jun-98,Jul-98,Aug-98,Sep-98,Oct-98,Nov-98,Dec-98,Jan-99,Feb-99,Mar-99,Apr-99,May-99,Jun-99,Jul-99,Aug-99,Sep-99,Oct-99,Nov-99,Dec-99,Jan-00,Feb-00,Mar-00,Apr-00,May-00,Jun-00,Jul-00,Aug-00,Sep-00,Oct-00,Nov-00,Dec-00,01-Jan,01-Feb,01-Mar,01-Apr,01-May,01-Jun,01-Jul,01-Aug,01-Sep,01-Oct,01-Nov,01-Dec,02-Jan,02-Feb,02-Mar,02-Apr,02-May,02-Jun,02-Jul,02-Aug,02-Sep,02-Oct,02-Nov,02-Dec,03-Jan,03-Feb,03-Mar,03-Apr,03-May,03-Jun,03-Jul,03-Aug,03-Sep,03-Oct,03-Nov,03-Dec,04-Jan,04-Feb,04-Mar,04-Apr,04-May,04-Jun,04-Jul,04-Aug,04-Sep,04-Oct,04-Nov,04-Dec,05-Jan,05-Feb,05-Mar,05-Apr,05-May,05-Jun,05-Jul,05-Aug,05-Sep,05-Oct,05-Nov,05-Dec,06-Jan,06-Feb,06-Mar,06-Apr,06-May,06-Jun,06-Jul,06-Aug,06-Sep,06-Oct,06-Nov,06-Dec,07-Jan,07-Feb,07-Mar,07-Apr,07-May,07-Jun,07-Jul,07-Aug,07-Sep,07-Oct,07-Nov,07-Dec,08-Jan,08-Feb,08-Mar,08-Apr,08-May,08-Jun,08-Jul,08-Aug,08-Sep,08-Oct,08-Nov,08-Dec,09-Jan,09-Feb,09-Mar,09-Apr,09-May,09-Jun,09-Jul,09-Aug,09-Sep,09-Oct,09-Nov,09-Dec,10-Jan,10-Feb,10-Mar,10-Apr,10-May,10-Jun,10-Jul,10-Aug,10-Sep,10-Oct,10-Nov,10-Dec,11-Jan,11-Feb,11-Mar,11-Apr,11-May,11-Jun,11-Jul,11-Aug,11-Sep,11-Oct,11-Nov,11-Dec,12-Jan,12-Feb,12-Mar,12-Apr,12-May,12-Jun,12-Jul,12-Aug,12-Sep,12-Oct,12-Nov,12-Dec,13-Jan,13-Feb,13-Mar,13-Apr,13-May,13-Jun,13-Jul,13-Aug,13-Sep,13-Oct,13-Nov,13-Dec,14-Jan,14-Feb,14-Mar,14-Apr,14-May,14-Jun,14-Jul,14-Aug,14-Sep,14-Oct,14-Nov,14-Dec,15-Jan,15-Feb,15-Mar,15-Apr,15-May,15-Jun,15-Jul,15-Aug,15-Sep,15-Oct,15-Nov,15-Dec,16-Jan,16-Feb,16-Mar,16-Apr,16-May,16-Jun,16-Jul,16-Aug,16-Sep,16-Oct,16-Nov,16-Dec,17-Jan,17-Feb,17-Mar,17-Apr,17-May,17-Jun,17-Jul,17-Aug,17-Sep,17-Oct,17-Nov,17-Dec,18-Jan,18-Feb,18-Mar,18-Apr,18-May,18-Jun,18-Jul,18-Aug,18-Sep,18-Oct,18-Nov,18-Dec,19-Jan,19-Feb,19-Mar,19-Apr,19-May,19-Jun,19-Jul,19-Aug,19-Sep,19-Oct,19-Nov,19-Dec,20-Jan,20-Feb,20-Mar,20-Apr,20-May,20-Jun,20-Jul,20-Aug,20-Sep,20-Oct,20-Nov,20-Dec,21-Jan,21-Feb,21-Mar,21-Apr,21-May,21-Jun,21-Jul,21-Aug,21-Sep,21-Oct,21-Nov,21-Dec,22-Jan,22-Feb,22-Mar,22-Apr,22-May,22-Jun,22-Jul,22-Aug,22-Sep,22-Oct,22-Nov,22-Dec,23-Jan,23-Feb,23-Mar,23-Apr,23-May,23-Jun,23-Jul,23-Aug,23-Sep,23-Oct,23-Nov,23-Dec
Canada,,,,Percent,,,,,,,,,,,,,,,,,,,,,,,,,,,,,,,,,,,,,,,,,,,,,,,,,,,,,,,,,,,,,,,,,,,,,,,,,,,,,,,,,,,,,,,,,,,,,,,,,,,,,,,,,,,,,,,,,,,,,,,,,,,,,,,,,,,,,,,,,,,,,,,,,,,,,,,,,,,,,,,,,,,,,,,,,,,,,,,,,,,,,,,,,,,,,,,,,,,,,,,,,,,,,,,,,,,,,,,,,,,,,,,,,,,,,,,,,,,,,,,,,,,,,,,,,,,,,,,,,,,,,,,,,,,,,,,,,,,,,,,,,,,,,,,,,,,,,,,,,,,,,,,,,,,,,,,,,,,,,,,,,,,,,,,,,,,,,,,,,,,,,,,,,,,,,,,,,,,,,,,,,,,,,,,,,,,,,,,,,,,,,,,
,Bank rate,v122530,1.2,7.08,7.56,7.65,6.85,6.5,5.91,5.5,5.11,5.69,7.37,8.82,7.36,6.81,6.09,5.36,5.6,5.1,4.79,4.41,4.9,4.9,4.63,4.36,4.11,3.88,4.1,5.64,6.07,6.31,6.92,6.04,5.6,5.54,5.62,6.04,7.43,8.38,8.38,8.47,8.17,7.64,6.97,6.87,6.59,6.71,7.65,6.07,5.79,5.37,5.5,5.25,5,5,5,4.75,4.25,4.25,3.5,3.25,3.25,3.25,3.25,3.25,3.25,3.25,3.25,3.5,3.5,3.5,3.75,4,4.5,4.5,5,5,5,5,5,5,5,5.75,5.5,5.25,5.25,5.25,5.25,5,5,4.75,4.75,4.75,4.75,4.75,4.75,5,5,5,5.25,5.5,5.5,6,6,6,6,6,6,6,6,5.75,5.75,5.25,5,4.75,4.75,4.5,4.25,3.75,3,2.5,2.5,2.25,2.25,2.25,2.5,2.5,2.75,3,3,3,3,3,3,3,3,3.25,3.5,3.5,3.5,3.25,3.25,3,3,3,3,2.75,2.75,2.5,2.25,2.25,2.25,2.25,2.25,2.5,2.75,2.75,2.75,2.75,2.75,2.75,2.75,2.75,2.75,2.75,2.75,3,3.25,3.25,3.5,3.75,3.75,4,4.25,4.5,4.5,4.5,4.5,4.5,4.5,4.5,4.5,4.5,4.5,4.5,4.5,4.5,4.5,4.75,4.75,4.75,4.75,4.75,4.5,4.25,4.25,3.75,3.25,3.25,3.25,3.25,3.25,3.25,2.5,2.5,1.75,1.25,1.25,0.75,0.5,0.5,0.5,0.5,0.5,0.5,0.5,0.5,0.5,0.5,0.5,0.5,0.5,0.5,0.75,1,1,1.25,1.25,1.25,1.25,1.25,1.25,1.25,1.25,1.25,1.25,1.25,1.25,1.25,1.25,1.25,1.25,1.25,1.25,1.25,1.25,1.25,1.25,1.25,1.25,1.25,1.25,1.25,1.25,1.25,1.25,1.25,1.25,1.25,1.25,1.25,1.25,1.25,1.25,1.25,1.25,1.25,1.25,1.25,1.25,1.25,1.25,1.25,1.25,1.25,1.25,1.25,1.25,1,1,1,1,1,1,0.75,0.75,0.75,0.75,0.75,0.75,0.75,0.75,0.75,0.75,0.75,0.75,0.75,0.75,0.75,0.75,0.75,0.75,0.75,0.75,0.75,0.75,0.75,0.75,1,1,1.25,1.25,1.25,1.25,1.5,1.5,1.5,1.5,1.5,1.5,1.75,1.75,1.75,2,2,2,2,2,2,2,2,2,2,2,2,2,2,2,2,2,1,0.5,0.5,0.5,0.5,0.5,0.5,0.5,0.5,0.5,0.5,0.5,0.5,0.5,0.5,0.5,0.5,0.5,0.5,0.5,0.5,0.5,0.5,0.5,0.75,1.25,1.25,1.75,2.75,2.75,3.5,3.5,4,4.5,4.5,4.75,4.75,4.75,4.75,5,5.25,5.25,5.25,5.25,5.25,5.25
,"Overnight money market financing, 7 day average 3",v122514,1.15,7.0625,7.2054,6.8304,6.4286,6.1964,6.0804,5.8214,5.1339,6.2946,8.0625,7.8036,6.7946,6.4643,5.9286,4.7857,4.4464,4.5,4.2946,3.9554,4.4464,4.3571,4.5893,3.9286,3.7857,3.8839,3.6429,4.3393,5.6607,5.9196,5.6518,5.4375,5.3839,4.9196,4.9375,5.3304,5.5357,7.0804,8.0179,8.0625,7.9943,7.6286,7.3229,6.5571,6.4229,6.1257,6.2129,5.9357,5.7086,5.5057,5.1771,4.9386,4.7557,4.77,4.7171,4.5443,4.0157,4.0329,3.4157,3.0071,3.01,2.9986,2.9843,2.9629,3.0357,2.9571,2.9657,3.2429,3.2671,3.2357,3.54,3.5529,4.3357,4.2843,4.7114,4.6829,4.7257,4.7386,4.74,4.77,4.72,5.7271,5.2329,4.9514,5.1129,4.9914,4.9957,4.9943,4.7771,4.5929,4.5957,4.6114,4.6229,4.5786,4.6057,4.7714,4.7586,4.77,4.9714,5.2486,5.2586,5.7529,5.75,5.7271,5.7514,5.7429,5.7514,5.75,5.8,5.4914,5.49,4.9927,4.7442,4.67,4.4935,4.2414,4.1679,3.4858,2.7412,2.5955,2.2444,1.9923,1.9926,1.9933,2.244,2.2471,2.4964,2.7418,2.7448,2.7447,2.7449,2.7431,2.7439,2.7439,2.7469,2.992,3.2373,3.2416,3.2449,2.9947,2.9972,2.749,2.7492,2.7481,2.7481,2.4951,2.4953,2.2482,1.9959,1.9985,2.0005,1.9973,1.9979,2.2496,2.496,2.4977,2.4999,2.498,2.4971,2.4794,2.4954,2.4866,2.4936,2.4922,2.4882,2.7421,2.9873,2.9883,3.2437,3.2961,3.4765,3.7269,3.8182,4.2126,4.2455,4.2442,4.2427,4.2465,4.2335,4.2476,4.2482,4.2447,4.2504,4.2432,4.2471,4.2352,4.2536,4.504,4.4158,4.4637,4.5086,4.5105,4.2597,4.006,3.9994,3.4585,3.0298,2.9988,2.9915,3.0195,3.0003,2.9904,2.2522,2.2448,1.5017,1.0044,0.9978,0.4883,0.248,0.2432,0.2412,0.2417,0.2425,0.2417,0.2403,0.2435,0.2455,0.2442,0.2476,0.2443,0.248,0.2437,0.4928,0.74,0.7481,0.9976,0.9969,0.9997,0.9924,0.9937,0.9934,0.9944,0.997,0.9967,0.9981,0.9986,0.9977,0.9989,0.9993,0.9983,0.9998,0.9987,0.9978,0.998,1.0079,1,0.9984,0.9974,0.999,0.9991,1.0024,0.9985,0.9982,1.0048,1.0072,1.0065,1.0036,1.0063,1.0067,0.9998,0.9978,0.9948,0.9994,0.9997,1.0012,0.9993,0.9945,0.998,0.9978,0.9978,0.9988,0.999,0.9976,0.9979,1.0024,1,1.0114,0.7502,0.7595,0.7558,0.7473,0.727,0.7464,0.5019,0.5026,0.5002,0.4991,0.4967,0.5242,0.5153,0.4991,0.4981,0.5005,0.4974,0.5035,0.5078,0.4926,0.4969,0.4883,0.4893,0.4936,0.4885,0.4887,0.5003,0.4953,0.4886,0.4941,0.7414,0.7473,0.9941,0.9955,0.9916,0.997,1.2461,1.2367,1.2457,1.2461,1.2434,1.2464,1.4948,1.4961,1.4979,1.7476,1.7473,1.7516,1.7462,1.7455,1.7461,1.7459,1.745,1.7429,1.7469,1.7481,1.7454,1.7472,1.7487,1.7479,1.7487,1.7485,0.7406,0.2341,0.2379,0.2327,0.2407,0.2337,0.2181,0.2337,0.2336,0.1741,0.1826,0.2143,0.1529,0.1669,0.1872,0.1873,0.193,0.2026,0.1824,0.2025,0.2078,0.1274,0.1811,0.1754,0.4403,0.9208,0.9486,1.4479,2.4656,2.4812,3.213,3.2348,3.7477,4.2498,4.2451,4.4764,4.4968,4.4924,4.4929,4.7363,4.9915,4.997,4.9906,5.0105,5.0139,5.0218
,Selected Government of Canada benchmark bond yields: 2 year,v122538,1.17,7.25,7.35,7.96,7.72,7.01,6.42,5.5,5.41,6.93,5.84,7.1,6.93,6.91,6.56,6.41,6.5,6.28,5.89,5.39,5.3,5.65,5.06,5.02,4.61,4.18,5.02,6.71,6.84,7.42,8.36,8.27,7.6,7.46,7.64,8.01,8.84,8.9,8.06,7.97,7.65,7.04,6.74,7.21,7.05,7.05,6.98,6.07,5.89,5.41,5.8,6.14,6.1,6.06,6.29,6.01,5.48,4.95,4.28,3.68,4.03,4.44,4.29,4.64,4.8,4.66,4.27,4.49,4.26,4.47,4.38,4.63,5.04,4.73,5.05,4.87,5.12,5.09,5.2,5.24,5.41,4.7,4.51,4.94,4.72,4.73,5.17,4.82,4.78,5.14,5.1,5.34,5.37,5.43,5.99,5.76,5.85,6.07,6.08,6.01,6.03,6.19,6.01,5.95,5.88,5.69,5.69,5.64,5.27,4.88,4.81,4.69,4.76,4.99,4.87,4.73,4.26,3.38,2.92,3.37,3.21,3.25,3.23,4.5,4.21,4.15,3.84,3.32,3.53,3.48,3.39,3.47,3.18,3.51,3.45,3.84,3.65,3.17,3.05,2.85,3.18,3.02,3.14,3.18,2.96,2.64,2.39,2.43,2.84,3.08,3.22,3.25,3.03,3.28,3.23,3.17,3.05,2.81,2.94,3.36,3.07,3,2.86,3.04,2.97,3.3,3.6,3.77,3.8,3.83,3.91,3.98,4.19,4.18,4.45,4.15,4.02,3.89,4.08,3.9,3.98,4.1,3.97,3.96,4.13,4.56,4.64,4.69,4.23,4.16,4.17,3.76,3.87,3.17,3.05,2.6,2.73,3.09,3.23,3.05,2.75,2.85,2.07,1.73,1.09,1.37,1.25,1.12,0.98,1.27,1.27,1.45,1.29,1.26,1.43,1.15,1.43,1.22,1.34,1.73,1.97,1.62,1.39,1.6,1.23,1.39,1.45,1.74,1.69,1.67,1.79,1.77,1.78,1.59,1.56,1.47,1.08,0.92,1.08,1.01,0.93,1.02,1.1,1.19,1.43,1.11,0.99,0.96,1.15,1.09,1.07,1.09,1.12,1.16,1,1,0.94,1.07,1.23,1.15,1.2,1.21,1.1,1.1,1.13,0.96,1,1.06,1.06,1.04,1.11,1.1,1.1,1.14,1.04,1,1.01,0.44,0.47,0.49,0.68,0.63,0.6,0.46,0.39,0.53,0.54,0.63,0.48,0.42,0.49,0.53,0.68,0.63,0.54,0.58,0.58,0.51,0.56,0.7,0.78,0.82,0.78,0.72,0.74,0.69,1.04,1.28,1.24,1.58,1.46,1.43,1.66,1.84,1.78,1.8,1.93,1.92,1.77,2.05,2.14,2.19,2.33,2.21,1.91,1.82,1.77,1.46,1.51,1.53,1.46,1.55,1.33,1.58,1.56,1.6,1.67,1.47,1.32,0.62,0.32,0.3,0.3,0.26,0.29,0.25,0.24,0.27,0.2,0.16,0.23,0.22,0.31,0.31,0.45,0.45,0.45,0.53,1.07,1.05,0.99,1.26,1.57,2.31,2.5,2.53,3.14,3.08,3.64,3.75,3.87,3.89,4.02,3.56,4.2,3.75,3.62,4.22,4.52,4.65,4.65,4.96,4.73,4.17,3.91
,Selected Government of Canada benchmark bond yields: 7 year,v122542,1.2,8.21,8.29,8.78,8.77,8.33,7.82,6.95,6.96,7.86,7.37,7.92,7.84,7.9,7.35,7.39,7.41,7.53,7.26,7,6.68,6.86,6.48,6.8,6.34,6.04,6.72,7.8,7.81,8.26,9.04,9.23,8.52,8.68,8.88,8.97,9.08,9.3,8.65,8.44,8.14,7.67,7.56,8.04,7.78,7.68,7.68,6.93,6.99,6.77,7.3,7.41,7.51,7.4,7.44,7.28,6.96,6.73,6.02,5.68,6.02,6.27,5.99,6.27,6.37,6.3,5.76,5.51,5.73,5.38,5.2,5.34,5.48,5.23,5.35,5.2,5.39,5.27,5.33,5.46,5.69,4.84,4.79,5.11,4.82,4.87,5.28,5.05,5.12,5.44,5.48,5.63,5.57,5.75,6.28,6.04,6.18,6.45,6.32,6.16,6.2,6.19,6.06,6.01,5.92,5.82,5.8,5.62,5.34,5.2,5.14,5.3,5.52,5.86,5.63,5.64,5.23,5,4.54,5.1,5.13,5.11,5,5.58,5.35,5.21,5,4.75,4.84,4.59,4.76,4.79,4.47,4.62,4.54,4.79,4.53,4.09,3.92,4.23,4.41,4.27,4.48,4.45,4.3,4.17,3.94,3.83,4.26,4.38,4.46,4.45,4.4,4.3,4.23,4.14,4.08,3.87,3.96,4.12,3.84,3.74,3.49,3.63,3.57,3.74,3.99,3.94,3.87,4.03,4.05,4.19,4.45,4.39,4.58,4.31,4.06,3.92,4.11,3.87,3.98,4.12,3.98,4.03,4.12,4.5,4.63,4.59,4.33,4.34,4.24,3.97,4.02,3.66,3.55,3.13,3.22,3.49,3.55,3.57,3.25,3.41,3.27,2.87,2.13,2.42,2.31,2.16,2.26,2.84,2.82,2.91,2.74,2.82,2.97,2.74,3.08,2.81,2.91,3.1,3.28,2.75,2.56,2.66,2.19,2.11,2.38,2.75,2.73,2.85,2.89,2.88,2.83,2.73,2.66,2.46,2.02,1.73,1.9,1.71,1.52,1.58,1.58,1.72,1.81,1.51,1.44,1.35,1.54,1.47,1.51,1.46,1.55,1.7,1.53,1.56,1.42,1.78,2.2,2.11,2.26,2.19,2,2.04,2.17,1.84,1.95,2.02,1.99,1.82,1.86,1.78,1.65,1.82,1.73,1.61,1.46,1,0.97,0.99,1.27,1.33,1.4,1.12,1.05,1.11,1.11,1.23,1.04,1.02,0.95,1,1.2,1.06,0.82,0.81,0.77,0.73,0.86,1.27,1.43,1.46,1.37,1.27,1.19,1.13,1.43,1.76,1.65,1.96,1.84,1.72,1.9,2.19,2.11,2.05,2.26,2.18,1.98,2.23,2.26,2.35,2.45,2.28,1.94,1.86,1.84,1.46,1.55,1.49,1.42,1.46,1.16,1.41,1.45,1.5,1.63,1.32,1.21,0.81,0.42,0.41,0.43,0.35,0.45,0.39,0.41,0.51,0.48,0.52,0.91,1.26,1.22,1.14,1.15,0.94,1.04,1.24,1.47,1.62,1.32,1.7,1.81,2.41,2.64,2.63,3.22,2.74,3.14,3.12,3.27,2.92,3.23,2.73,3.37,2.9,2.81,3.22,3.31,3.56,3.68,4.18,4.16,3.53,3.1
,Selected Government of Canada benchmark bond yields: long term,v122544,1.22,8.92,8.94,9.16,9.4,9.07,8.83,8.34,8.12,8.33,8.21,8.5,8.36,8.51,8.13,8.18,8.15,8.17,8.01,7.85,7.47,7.57,7.41,7.56,7.28,7.16,7.53,8.33,8.22,8.58,9.27,9.46,8.87,9.07,9.36,9.26,9.13,9.4,8.87,8.76,8.52,8.26,8.19,8.66,8.41,8.27,8.28,7.63,7.63,7.64,8.08,8.14,8.26,8.09,8.17,8.06,7.83,7.75,7.12,6.75,7.09,7.38,7.08,7.24,7.18,7.15,6.73,6.32,6.63,6.26,6.05,5.96,5.95,5.81,5.78,5.7,5.76,5.61,5.52,5.61,5.83,5.32,5.45,5.47,5.23,5.23,5.43,5.36,5.41,5.58,5.63,5.74,5.68,5.91,6.36,6.1,6.23,6.27,5.83,5.84,5.92,5.63,5.61,5.55,5.51,5.67,5.61,5.51,5.56,5.72,5.66,5.79,5.97,6.03,5.89,5.94,5.67,5.86,5.31,5.59,5.69,5.68,5.69,5.98,5.92,5.78,5.74,5.73,5.58,5.43,5.63,5.58,5.42,5.49,5.46,5.58,5.41,5.12,5.03,5.4,5.44,5.23,5.38,5.29,5.2,5.23,5.09,5.04,5.31,5.32,5.33,5.29,5.15,5.04,5,4.9,4.92,4.74,4.76,4.77,4.59,4.46,4.29,4.31,4.12,4.21,4.37,4.18,4.02,4.2,4.15,4.23,4.57,4.5,4.67,4.45,4.2,4.07,4.24,4.02,4.1,4.22,4.09,4.21,4.2,4.39,4.56,4.49,4.44,4.5,4.38,4.23,4.18,4.19,4.18,3.96,4.08,4.12,4.05,4.16,4.01,4.13,4.27,3.94,3.45,3.72,3.69,3.74,3.82,4.19,3.91,4.05,3.9,3.84,3.96,3.85,4.07,3.96,4.05,4.07,4.04,3.68,3.65,3.77,3.47,3.33,3.5,3.65,3.54,3.75,3.75,3.72,3.74,3.5,3.53,3.35,3.1,2.83,3.02,2.69,2.5,2.64,2.6,2.67,2.65,2.33,2.32,2.22,2.37,2.33,2.38,2.3,2.37,2.57,2.53,2.49,2.38,2.65,2.96,2.97,3.09,3.09,3.01,3.14,3.2,2.94,2.96,2.96,2.93,2.76,2.82,2.7,2.57,2.73,2.59,2.48,2.33,1.93,1.95,1.97,2.19,2.25,2.38,2.2,2.2,2.21,2.26,2.29,2.16,2.05,1.93,2,2.06,2.01,1.76,1.69,1.63,1.64,1.82,2.16,2.34,2.45,2.42,2.28,2.16,2.05,2.06,2.35,2.27,2.49,2.38,2.23,2.2,2.36,2.37,2.25,2.47,2.28,2.16,2.3,2.32,2.42,2.52,2.41,2.15,2.17,2.16,1.84,1.99,1.82,1.73,1.7,1.37,1.57,1.6,1.58,1.67,1.45,1.35,1.36,1.15,1.1,1.02,0.95,1.12,1.11,1.17,1.22,1.24,1.45,1.88,1.97,2.07,2.04,1.84,1.73,1.82,1.98,1.92,2.07,1.76,2.07,2.23,2.41,2.79,2.76,3.21,2.83,3.02,2.97,3.42,3.01,3.28,2.91,3.3,3.04,2.97,3.14,3.11,3.29,3.41,3.87,3.88,3.34,2.96
,"Government of Canada marketable bonds, average yield: 1-3 year 4",v122558,1.23,7.54,7.72,8.25,7.98,7.17,6.58,5.7,5.6,7.12,6.16,7.37,7.2,7.09,6.77,6.54,6.58,6.3,5.89,5.51,5.41,5.74,5.16,5.06,4.57,4.18,4.93,6.71,6.89,7.4,8.33,8.19,7.43,7.23,7.53,7.98,8.86,8.85,8.1,8.1,7.73,7.14,6.76,7.16,7,7.07,7.08,6.16,5.98,5.48,5.89,6.13,6.07,6.05,6.07,5.83,5.34,4.96,4.38,3.76,4.24,4.28,4.22,4.79,4.98,4.88,4.46,4.66,4.66,4.61,4.53,4.82,5.22,4.9,5.13,5,5.23,5.17,5.28,5.36,5.56,4.87,4.67,5.06,4.84,4.83,5.21,4.93,4.86,5.21,5.22,5.46,5.4,5.48,6.03,5.78,5.86,6.04,6.05,6.06,6.08,6.26,6.06,5.98,5.9,5.77,5.75,5.67,5.29,4.91,4.83,4.66,4.71,4.93,4.9,4.75,4.27,3.59,2.88,3.29,3.28,3.33,3.34,4.23,3.92,3.92,3.76,3.31,3.5,3.42,3.3,3.37,3.23,3.55,3.48,3.85,3.6,3.2,3.05,2.87,3.17,2.95,3.06,3.1,3.02,2.71,2.46,2.34,2.69,2.91,3.18,3.2,3.01,3.22,3.18,3.13,3.06,2.83,2.97,3.25,2.97,2.91,2.83,3.02,2.97,3.28,3.58,3.77,3.8,3.83,3.92,4,4.19,4.22,4.49,4.2,4.04,3.91,4.1,3.92,3.98,4.1,3.97,4.01,4.17,4.56,4.66,4.71,4.28,4.22,4.22,3.84,3.91,3.22,3.1,2.63,2.74,3.05,3.27,3.1,2.76,2.93,2.16,1.79,1.11,1.39,1.27,1.1,0.8,1.04,1.33,1.33,1.2,1.3,1.31,1.06,1.41,1.21,1.19,1.63,1.89,1.44,1.45,1.55,1.21,1.42,1.43,1.7,1.68,1.64,1.69,1.72,1.74,1.57,1.55,1.47,1.12,0.95,1.09,1.01,0.95,1.03,1.12,1.19,1.42,1.1,1,0.98,1.16,1.1,1.08,1.1,1.13,1.17,1.02,1.01,0.99,1.09,1.25,1.18,1.24,1.21,1.09,1.07,1.1,0.98,1.02,1.06,1.05,1.03,1.1,1.09,1.09,1.13,1.05,1.02,1,0.46,0.46,0.49,0.67,0.64,0.59,0.45,0.4,0.52,0.54,0.62,0.48,0.43,0.49,0.53,0.67,0.63,0.54,0.57,0.57,0.51,0.56,0.69,0.76,0.76,0.75,0.73,0.72,0.69,1.05,1.27,1.22,1.57,1.44,1.41,1.64,1.79,1.74,1.79,1.88,1.88,1.77,2.02,2.11,2.18,2.29,2.19,1.9,1.81,1.78,1.47,1.55,1.57,1.51,1.61,1.39,1.59,1.59,1.62,1.69,1.51,1.37,0.66,0.3,0.28,0.26,0.23,0.26,0.23,0.21,0.26,0.2,0.15,0.23,0.23,0.3,0.3,0.44,0.38,0.42,0.52,0.98,1.04,0.95,1.22,1.49,2.21,2.47,2.48,3.12,3.09,3.65,3.72,3.87,3.86,4.03,3.74,4.25,3.79,3.69,4.22,4.47,4.7,4.68,4.92,4.77,4.18,3.94
,"Government of Canada marketable bonds, average yield: 5-10 year 4",v122486,1.25,8.35,8.41,8.88,8.95,8.6,8.17,7.43,7.43,7.98,7.63,8.1,8.03,8.11,7.64,7.76,7.74,7.61,7.36,7.13,6.78,7,6.71,6.75,6.33,6.03,6.69,7.82,7.8,8.26,9.07,9.25,8.57,8.67,8.89,8.99,9.09,9.31,8.67,8.46,8.16,7.69,7.59,8.08,7.83,7.75,7.74,7.01,6.92,6.69,7.23,7.39,7.49,7.39,7.44,7.27,6.95,6.73,6.07,5.64,6.02,6.28,6.02,6.3,6.41,6.38,5.86,5.59,5.82,5.49,5.31,5.43,5.54,5.31,5.41,5.27,5.44,5.31,5.34,5.47,5.7,4.92,4.95,5.17,4.88,4.89,5.28,5.07,5.12,5.44,5.47,5.62,5.56,5.77,6.28,6.04,6.19,6.44,6.27,6.12,6.16,6.13,6.01,5.95,5.86,5.8,5.78,5.59,5.35,5.33,5.27,5.28,5.51,5.84,5.63,5.64,5.23,5.08,4.61,5.15,5.25,5.23,5.1,5.65,5.45,5.3,5.19,5,4.88,4.7,4.9,4.91,4.6,4.76,4.66,4.9,4.64,4.21,4.16,4.52,4.67,4.4,4.61,4.57,4.42,4.31,4.08,3.98,4.4,4.49,4.65,4.64,4.43,4.38,4.32,4.22,4.16,3.96,4.04,4.19,3.92,3.81,3.65,3.77,3.59,3.79,4.04,3.98,3.89,4.05,4.07,4.2,4.47,4.4,4.61,4.35,4.07,3.94,4.13,3.9,4.01,4.14,3.99,4.05,4.13,4.49,4.63,4.59,4.35,4.36,4.27,4,4.04,3.74,3.64,3.23,3.34,3.5,3.62,3.65,3.34,3.5,3.43,3.03,2.3,2.55,2.44,2.29,2.37,2.91,3.13,3.2,3.05,2.93,3.08,2.83,3.28,2.99,3.09,3.25,3.38,2.85,2.84,2.96,2.5,2.41,2.52,2.86,2.9,3.02,3.04,3,2.95,2.68,2.79,2.56,2.13,1.92,2.07,1.85,1.66,1.73,1.69,1.88,1.91,1.52,1.51,1.4,1.59,1.56,1.59,1.53,1.62,1.77,1.61,1.55,1.41,1.75,2.27,2.18,2.34,2.3,2.13,2.19,2.34,1.98,1.93,2.01,1.97,1.79,1.98,1.89,1.75,1.97,1.83,1.71,1.57,0.98,0.95,0.99,1.25,1.29,1.5,1.22,1.13,1.22,1.23,1.33,1.14,0.97,0.89,0.99,1.18,1.04,0.89,0.86,0.82,0.81,0.94,1.35,1.5,1.55,1.42,1.37,1.27,1.11,1.48,1.8,1.68,2.02,1.9,1.77,1.92,2.21,2.14,2.07,2.3,2.19,2.02,2.25,2.29,2.39,2.47,2.3,1.96,1.88,1.86,1.49,1.59,1.51,1.47,1.48,1.14,1.4,1.46,1.5,1.63,1.33,1.22,0.84,0.46,0.44,0.46,0.39,0.49,0.48,0.5,0.6,0.6,0.67,1.09,1.39,1.34,1.25,1.28,1.07,1.15,1.4,1.54,1.69,1.41,1.78,1.92,2.42,2.75,2.72,3.27,2.77,3.14,3.12,3.28,2.95,3.28,2.76,3.38,2.92,2.83,3.22,3.29,3.53,3.66,4.15,4.16,3.53,3.08
,"Government of Canada marketable bonds, average yield: over 10 years 4",v122487,1.26,8.92,8.97,9.28,9.51,9.17,8.87,8.21,8.19,8.53,8.33,8.66,8.54,8.67,8.19,8.27,8.27,8.12,7.96,7.79,7.4,7.55,7.35,7.45,7.12,6.86,7.33,8.25,8.18,8.55,9.29,9.5,8.89,9.04,9.29,9.24,9.16,9.41,8.86,8.7,8.44,8.11,8.02,8.5,8.24,8.11,8.11,7.44,7.43,7.35,7.84,7.94,8.07,7.92,7.98,7.86,7.6,7.48,6.81,6.42,6.77,7.07,6.78,6.97,6.97,6.95,6.49,6.11,6.38,5.99,5.8,5.78,5.8,5.63,5.64,5.54,5.64,5.49,5.45,5.56,5.78,5.15,5.27,5.35,5.08,5.08,5.37,5.23,5.34,5.54,5.63,5.74,5.69,5.92,6.38,6.12,6.25,6.36,5.98,5.96,6.03,5.94,5.9,5.83,5.79,5.83,5.79,5.63,5.59,5.71,5.63,5.74,5.94,6.08,5.97,6.01,5.72,5.86,5.32,5.66,5.75,5.72,5.68,6,5.89,5.76,5.73,5.7,5.55,5.38,5.61,5.55,5.37,5.45,5.39,5.52,5.34,5.01,4.98,5.35,5.4,5.19,5.33,5.24,5.14,5.15,4.98,4.94,5.23,5.23,5.3,5.29,5.14,5.02,4.96,4.87,4.86,4.69,4.71,4.75,4.55,4.41,4.27,4.31,4.11,4.21,4.38,4.2,4.04,4.22,4.17,4.26,4.59,4.51,4.69,4.46,4.22,4.08,4.25,4.03,4.11,4.23,4.1,4.21,4.21,4.43,4.59,4.52,4.44,4.5,4.39,4.22,4.18,4.17,4.14,3.91,4.02,4.07,4.07,4.18,4.02,4.14,4.31,4,3.45,3.74,3.7,3.63,3.72,4.11,3.96,4.1,3.96,3.87,3.98,3.84,4.08,3.92,3.98,3.99,3.99,3.58,3.59,3.71,3.39,3.25,3.38,3.6,3.51,3.71,3.69,3.66,3.67,3.41,3.47,3.28,3,2.74,2.91,2.61,2.42,2.55,2.48,2.56,2.55,2.2,2.24,2.14,2.28,2.24,2.27,2.2,2.27,2.47,2.39,2.34,2.19,2.48,2.9,2.88,3,3,2.87,3.01,3.09,2.8,2.8,2.82,2.76,2.6,2.72,2.59,2.44,2.61,2.46,2.36,2.22,1.75,1.76,1.79,2.01,2.08,2.29,2.09,2.08,2.09,2.13,2.17,2.04,1.9,1.78,1.86,1.94,1.87,1.67,1.6,1.53,1.52,1.68,2.06,2.24,2.34,2.29,2.14,2.01,1.87,1.99,2.29,2.19,2.42,2.32,2.16,2.15,2.35,2.35,2.22,2.45,2.28,2.15,2.31,2.33,2.43,2.52,2.39,2.12,2.11,2.1,1.76,1.9,1.75,1.7,1.67,1.34,1.54,1.6,1.57,1.67,1.42,1.32,1.25,0.99,0.92,0.95,0.86,1.01,0.99,1.01,1.06,1.13,1.32,1.77,1.9,1.96,1.91,1.77,1.64,1.73,1.92,1.88,2.03,1.75,2.07,2.24,2.45,2.82,2.8,3.24,2.85,3.06,3.03,3.43,3.02,3.31,2.92,3.34,3.06,2.98,3.18,3.15,3.34,3.46,3.93,3.96,3.39,3
,Treasury bill auction - average yields: 3 month,v122541,1.47,7.04,7.25,7.239,6.719,6.081,5.596,5.17,4.821,7.371,6.055,8.566,7.111,6.562,5.843,5.113,5.345,4.848,4.539,4.156,4.74,4.648,4.383,4.09,3.856,3.632,3.85,5.388,5.818,6.335,6.672,5.794,5.354,5.291,5.374,5.789,7.181,7.979,7.768,8.217,7.917,7.394,6.721,6.623,6.338,6.456,5.929,5.816,5.541,5.119,5.18,5.025,4.726,4.645,4.695,4.425,4.033,3.962,3.193,2.69,2.799,2.841,2.858,3.186,3.138,3.005,2.861,3.321,3.13,3.099,3.628,3.574,4.46,4.183,4.571,4.565,4.825,4.75,4.882,4.926,4.876,4.936,4.744,4.815,4.697,4.658,4.835,4.749,4.601,4.42,4.622,4.636,4.834,4.687,4.85,4.815,4.93,5.076,5.051,5.277,5.449,5.751,5.551,5.625,5.622,5.564,5.619,5.736,5.557,5.142,4.804,4.604,4.41,4.401,4.242,4.029,3.805,3.039,2.54,2.207,1.996,1.966,2.07,2.343,2.41,2.622,2.738,2.849,2.996,2.826,2.805,2.734,2.669,2.813,2.861,3.142,3.241,3.197,3.127,2.808,2.7,2.597,2.651,2.714,2.59,2.26,2.133,1.99,1.944,2.018,2.042,2.084,2.14,2.412,2.583,2.556,2.477,2.437,2.464,2.546,2.461,2.451,2.473,2.581,2.758,2.813,3.025,3.304,3.395,3.49,3.712,3.788,3.974,4.175,4.3,4.157,4.129,4.165,4.169,4.177,4.161,4.156,4.184,4.173,4.168,4.286,4.418,4.562,4.009,4.105,3.968,3.92,3.862,3.455,3.239,2.025,2.702,2.727,2.691,2.417,2.518,1.877,2.215,1.835,0.945,0.927,0.801,0.416,0.247,0.197,0.243,0.241,0.238,0.222,0.232,0.228,0.202,0.179,0.17,0.289,0.401,0.427,0.579,0.641,0.692,0.893,0.915,0.982,0.998,0.986,0.967,0.918,0.979,0.959,0.915,0.934,0.932,0.868,0.865,0.886,0.826,0.877,0.941,0.926,1.042,1.006,0.902,0.972,1.034,1,1,0.988,0.98,0.934,0.96,0.978,0.993,0.999,1.024,1.013,0.995,0.986,0.915,0.939,0.888,0.891,0.866,0.88,0.939,0.915,0.928,0.946,0.936,0.918,0.878,0.895,0.912,0.592,0.467,0.528,0.647,0.665,0.576,0.427,0.376,0.413,0.393,0.442,0.497,0.481,0.462,0.462,0.541,0.551,0.494,0.504,0.512,0.533,0.504,0.509,0.473,0.456,0.48,0.513,0.548,0.529,0.683,0.74,0.742,1.009,0.895,0.872,1.05,1.196,1.171,1.086,1.2,1.3,1.247,1.442,1.509,1.546,1.734,1.713,1.665,1.627,1.682,1.652,1.666,1.687,1.661,1.645,1.638,1.624,1.662,1.652,1.671,1.642,1.638,0.233,0.272,0.255,0.209,0.165,0.149,0.136,0.086,0.109,0.115,0.056,0.073,0.096,0.101,0.109,0.142,0.18,0.178,0.146,0.146,0.129,0.174,0.517,0.618,0.773,1.376,1.477,2.105,2.696,3.318,3.652,4.172,4.133,4.303,4.458,4.564,4.407,4.45,4.563,4.932,5.034,5.157,5.145,5.161,5.042,5.037
,Treasury bill auction - average yields: 6 month,v122552,1.49,7.057,7.335,7.408,6.976,6.189,5.687,5.158,4.841,7.041,5.76,8.577,7.17,6.778,6.134,5.466,5.806,5.235,4.851,4.487,5.03,5.071,4.597,4.341,4.015,3.752,4.126,5.883,6.285,6.827,7.478,6.662,5.591,5.854,6.054,6.458,8.11,8.47,7.885,8.282,7.93,7.384,6.667,6.849,6.617,6.737,6.111,5.891,5.646,5.186,5.31,5.236,4.97,4.851,4.981,4.773,4.319,4.26,3.4,2.871,3.176,3.159,3.098,3.479,3.589,3.392,3.182,3.725,3.711,3.615,3.88,3.926,4.879,4.599,4.894,4.708,4.97,4.97,5.069,5.073,5.169,5.074,4.793,4.933,4.755,4.772,4.934,4.855,4.665,4.603,4.877,4.812,5.081,4.867,5.202,5.103,5.285,5.393,5.418,5.563,5.741,6.008,5.837,5.816,5.766,5.717,5.741,5.875,5.579,5.045,4.737,4.576,4.363,4.453,4.289,4.058,3.838,2.975,2.532,2.309,2.059,2.122,2.224,2.725,2.72,2.908,2.979,2.975,3.143,2.917,2.931,2.818,2.785,3,3.028,3.371,3.365,3.315,3.077,2.715,2.741,2.592,2.699,2.773,2.585,2.258,2.142,1.976,2.005,2.141,2.2,2.278,2.359,2.568,2.685,2.615,2.582,2.523,2.558,2.704,2.549,2.549,2.566,2.714,2.897,2.935,3.234,3.533,3.648,3.67,3.865,3.891,4.08,4.203,4.441,4.244,4.2,4.163,4.183,4.167,4.172,4.182,4.213,4.195,4.24,4.433,4.563,4.685,4.067,4.3,4.246,3.94,4.003,3.459,3.247,2.286,2.72,2.751,3.01,2.839,2.665,2.356,2.214,1.716,0.977,0.91,0.817,0.511,0.354,0.314,0.369,0.348,0.338,0.333,0.33,0.302,0.3,0.283,0.276,0.466,0.724,0.641,0.838,0.852,0.898,1.093,1.017,1.097,1.142,1.16,1.128,1.076,1.139,1.07,1.024,1.039,0.944,0.876,0.917,0.909,0.891,0.925,0.985,1.016,1.123,1.077,0.952,0.992,1.081,1.042,1.042,1.029,1.037,0.996,0.989,1.011,1.008,1.023,1.042,1.042,1.029,1,0.944,0.958,0.942,0.918,0.909,0.907,0.957,0.944,0.957,0.98,0.966,0.94,0.911,0.923,0.936,0.571,0.449,0.54,0.66,0.693,0.601,0.438,0.371,0.429,0.437,0.471,0.504,0.465,0.472,0.505,0.564,0.572,0.509,0.545,0.536,0.542,0.539,0.547,0.564,0.527,0.519,0.555,0.582,0.564,0.752,0.933,0.94,1.185,1.113,1.045,1.201,1.361,1.326,1.279,1.387,1.442,1.462,1.586,1.715,1.74,1.898,1.91,1.808,1.755,1.76,1.677,1.713,1.723,1.69,1.692,1.642,1.683,1.719,1.688,1.747,1.686,1.64,0.328,0.341,0.27,0.244,0.19,0.176,0.163,0.131,0.157,0.151,0.098,0.108,0.138,0.157,0.16,0.183,0.203,0.195,0.179,0.241,0.372,0.422,0.758,0.861,1.365,1.806,2.032,2.698,3.183,3.613,3.922,4.362,4.329,4.411,4.567,4.672,4.435,4.533,4.69,5.067,5.164,5.219,5.246,5.212,5.047,4.991
,Treasury bill auction - average yields: 1 year,v122498,1.5,7.208,7.446,7.67,7.385,6.519,5.883,5.238,4.988,6.767,5.577,8.176,7.314,6.945,6.475,5.901,6.259,5.815,5.316,4.901,5.253,5.436,4.867,4.725,4.21,3.926,4.494,6.252,6.624,7.249,8.029,7.572,6.622,6.81,6.918,7.31,8.835,8.768,7.855,8.265,7.899,7.282,6.626,6.977,6.916,6.941,6.121,5.947,5.768,5.32,5.494,5.579,5.414,5.325,5.526,5.281,4.755,4.663,3.681,3.167,3.541,3.59,3.467,3.918,4.23,3.868,3.67,4.26,4.214,4.167,4.2,4.254,5.196,4.91,5.093,4.929,5.122,5.16,5.243,5.245,5.356,5.035,4.736,4.973,4.827,4.857,5.009,4.967,4.728,4.792,5.147,5.187,5.377,5.145,5.725,5.551,5.773,5.91,5.827,5.941,5.993,6.325,6.085,6.022,5.917,5.81,5.817,5.974,5.558,4.963,4.718,4.578,4.432,4.597,4.392,4.209,3.901,2.989,2.627,2.543,2.349,2.446,2.639,3.483,3.367,3.531,3.381,3.164,3.353,3.074,3.197,2.956,2.893,3.244,3.283,3.658,3.554,3.431,2.969,2.69,2.853,2.671,2.833,2.933,2.632,2.249,2.172,2.006,2.23,2.47,2.701,2.726,2.706,2.866,2.889,2.739,2.749,2.661,2.766,3.035,2.769,2.743,2.744,2.914,3.151,3.093,3.437,3.774,3.93,3.849,4.013,3.99,4.184,4.278,4.553,4.339,4.271,4.172,4.172,4.105,4.147,4.19,4.233,4.17,4.295,4.559,4.745,4.78,4.061,4.392,4.305,3.891,3.997,3.352,3.163,2.339,2.81,2.868,3.253,3.076,2.669,2.656,2.244,1.706,0.978,0.958,0.884,0.625,0.465,0.477,0.577,0.6,0.581,0.58,0.644,0.516,0.654,0.649,0.629,0.946,1.291,1.023,1.249,1.076,1.034,1.31,1.199,1.32,1.371,1.455,1.439,1.344,1.432,1.282,1.216,1.241,0.947,0.881,0.935,0.855,0.891,0.981,1.034,1.103,1.263,1.173,0.997,1.069,1.171,1.125,1.11,1.079,1.116,1.077,1.016,1.036,1.023,1.056,1.083,1.121,1.102,1.07,1.021,1.013,0.983,0.94,0.957,0.963,0.999,0.985,0.998,1.02,1.015,1.004,0.976,0.982,0.992,0.542,0.429,0.534,0.685,0.716,0.6,0.449,0.379,0.482,0.496,0.529,0.5,0.452,0.478,0.543,0.598,0.618,0.51,0.574,0.553,0.574,0.579,0.581,0.65,0.609,0.607,0.644,0.643,0.65,0.889,1.136,1.153,1.455,1.3,1.296,1.522,1.611,1.605,1.598,1.684,1.705,1.663,1.832,1.968,1.992,2.144,2.11,1.938,1.906,1.817,1.698,1.709,1.723,1.673,1.66,1.555,1.737,1.76,1.695,1.759,1.718,1.623,0.368,0.38,0.297,0.284,0.234,0.221,0.219,0.179,0.213,0.196,0.131,0.147,0.175,0.22,0.205,0.246,0.259,0.282,0.319,0.547,0.799,0.819,1.1,1.304,1.989,2.412,2.519,3.304,3.45,3.841,4.147,4.551,4.49,4.48,4.557,4.756,4.346,4.45,4.754,5.2,5.218,5.27,5.352,5.238,4.945,4.707
,Treasury bills: 1 month,v122529,1.54,6.93,7.12,7.21,6.47,6.1,5.69,5.37,4.81,7.9,7.1,8.05,6.64,6.32,5.78,5.02,4.78,4.62,4.29,3.92,4.35,4.31,4.35,3.89,3.6,3.61,3.54,4.65,5.41,5.53,5.59,5.33,5.25,4.9,4.92,5.4,5.52,7.35,7.65,8.02,7.78,7.5,6.82,6.45,6.16,6.18,7,5.75,5.49,5.12,5.11,4.86,4.66,4.57,4.54,4.32,3.73,3.77,3.06,2.73,2.55,2.71,2.72,2.83,2.88,2.72,2.58,2.95,2.62,2.54,3.38,3.4,3.31,3.64,4.54,4.55,4.64,4.47,4.57,4.74,4.61,4.8,4.82,4.61,4.49,4.57,4.93,4.65,4.62,4.4,4.41,4.57,4.51,4.41,4.5,4.56,4.63,4.73,4.74,5.1,4.89,5.2,5.46,5.45,5.39,5.39,5.39,5.49,5.45,5.17,5.04,4.7,4.56,4.32,4.28,4.08,3.81,3.14,2.4,2.14,1.98,1.93,1.95,1.96,2.18,2.39,2.5,2.6,2.72,2.61,2.66,2.69,2.58,2.7,2.68,2.89,3.05,3.19,3.1,2.89,2.75,2.6,2.64,2.68,2.59,2.29,2.17,1.99,1.87,1.94,1.94,1.93,1.91,2.29,2.4,2.43,2.3,2.33,2.24,2.45,2.38,2.39,2.33,2.36,2.52,2.69,2.87,3.06,3.06,3.34,3.46,3.64,3.89,4.13,4.09,4.02,4.15,4.12,4.12,4.14,4.09,4.15,4.2,4.15,4.11,4.17,4.14,4.29,3.9,3.9,4.03,3.88,3.68,3.4,3.22,1.7,2.78,2.55,2.36,2.3,2.22,1.9,1.85,1.83,0.71,0.67,0.57,0.34,0.15,0.16,0.17,0.18,0.12,0.18,0.18,0.17,0.13,0.13,0.14,0.2,0.18,0.14,0.28,0.55,0.43,0.84,0.87,0.93,0.92,0.88,0.91,0.89,0.9,0.88,0.89,0.91,0.94,0.82,0.85,0.8,0.76,0.84,0.88,0.89,0.98,0.9,0.88,0.91,0.97,0.96,0.92,0.93,0.9,0.92,0.91,0.95,0.97,0.99,1.01,0.98,0.98,0.96,0.9,0.94,0.89,0.83,0.81,0.89,0.92,0.92,0.94,0.94,0.93,0.9,0.86,0.9,0.88,0.6,0.54,0.53,0.64,0.6,0.58,0.4,0.38,0.41,0.39,0.46,0.42,0.45,0.42,0.43,0.5,0.46,0.48,0.49,0.46,0.46,0.47,0.47,0.42,0.42,0.43,0.48,0.5,0.46,0.56,0.68,0.67,0.85,0.84,0.84,0.96,1.12,1.12,1.09,1.17,1.14,1.04,1.33,1.38,1.4,1.6,1.64,1.63,1.68,1.64,1.66,1.7,1.66,1.64,1.66,1.72,1.64,1.69,1.67,1.64,1.66,1.62,0.59,0.21,0.19,0.15,0.16,0.16,0.18,0.12,0.16,0.04,0.05,0.09,0.06,0.07,0.08,0.14,0.16,0.19,0.2,0.16,0.19,0.07,0.21,0.16,0.36,0.86,0.94,1.54,2.44,2.85,3.12,3.71,3.73,4.13,4.26,4.4,4.27,4.25,4.57,4.7,4.88,4.93,4.9,4.96,4.94,4.93
,Treasury bills: 3 month,v122531,1.56,6.92,7.23,7.23,6.67,6.13,5.64,5.24,4.86,7.6,6.15,8.14,7.01,6.47,5.91,5.35,5.36,4.82,4.53,4.06,4.57,4.69,4.4,4.08,3.87,3.63,3.84,5.47,5.86,6.14,6.38,5.76,5.52,5.2,5.39,5.86,7.14,8.1,8.11,8.29,7.87,7.4,6.73,6.65,6.34,6.58,7.16,5.83,5.54,5.12,5.21,5.02,4.78,4.68,4.7,4.39,4.02,3.86,3.17,2.73,2.85,2.87,2.91,3.14,3.14,2.99,2.86,3.29,3.11,2.86,3.59,3.67,3.99,4.1,4.57,4.59,4.85,4.75,4.87,4.94,4.91,4.91,4.71,4.78,4.66,4.68,4.87,4.63,4.6,4.48,4.56,4.71,4.68,4.66,4.87,4.73,4.85,5.05,4.96,5.27,5.43,5.67,5.53,5.61,5.58,5.56,5.61,5.62,5.49,5.11,4.87,4.58,4.43,4.34,4.3,4.07,3.8,3.05,2.34,2.07,1.95,1.96,2.05,2.3,2.37,2.6,2.7,2.81,2.96,2.83,2.73,2.71,2.63,2.83,2.88,3.14,3.19,3.16,3.07,2.81,2.71,2.58,2.64,2.67,2.57,2.25,2.13,1.98,1.95,1.98,2.01,2.08,2.13,2.45,2.57,2.63,2.47,2.43,2.46,2.56,2.45,2.46,2.48,2.59,2.72,2.86,3.06,3.31,3.37,3.47,3.72,3.86,4.03,4.18,4.32,4.15,4.13,4.15,4.16,4.18,4.16,4.17,4.19,4.16,4.16,4.29,4.42,4.57,3.83,3.97,3.96,3.91,3.86,3.41,3.24,1.72,2.68,2.68,2.6,2.41,2.42,1.92,1.98,1.7,0.83,0.83,0.67,0.39,0.22,0.2,0.24,0.23,0.21,0.22,0.22,0.22,0.19,0.16,0.16,0.28,0.39,0.45,0.5,0.65,0.62,0.87,0.92,0.99,0.98,0.95,0.95,0.92,0.97,0.95,0.93,0.92,0.93,0.83,0.89,0.86,0.83,0.86,0.93,0.92,1.06,0.94,0.86,0.92,1.03,0.99,0.99,0.95,0.92,0.93,0.96,0.97,0.99,1.01,1.03,1,0.99,0.98,0.9,0.94,0.91,0.89,0.85,0.89,0.95,0.93,0.95,0.96,0.94,0.92,0.88,0.91,0.91,0.6,0.56,0.54,0.66,0.63,0.58,0.41,0.37,0.43,0.41,0.48,0.52,0.48,0.46,0.44,0.55,0.53,0.49,0.53,0.51,0.51,0.49,0.51,0.48,0.45,0.47,0.54,0.52,0.52,0.65,0.73,0.71,0.99,0.92,0.88,1.05,1.2,1.14,1.09,1.2,1.29,1.25,1.4,1.54,1.51,1.73,1.72,1.67,1.66,1.67,1.66,1.68,1.69,1.66,1.65,1.62,1.64,1.66,1.66,1.66,1.64,1.61,0.49,0.26,0.22,0.21,0.16,0.14,0.12,0.09,0.12,0.07,0.06,0.11,0.09,0.1,0.1,0.15,0.17,0.18,0.12,0.13,0.09,0.16,0.32,0.37,0.58,1.32,1.37,2.09,2.65,3.22,3.55,3.86,4.06,4.25,4.37,4.5,4.3,4.38,4.59,4.89,5,5.08,5.07,5.08,5,4.89
,Treasury bills: 1 year,v122533,1.58,7.14,7.42,7.59,7.33,6.63,5.92,5.24,5.03,7.13,5.81,7.65,7.13,6.83,6.62,6.14,6.17,5.79,5.22,4.85,4.98,5.5,4.88,4.72,4.23,3.83,4.53,6.39,6.57,7,7.85,7.6,6.77,6.59,6.89,7.35,8.79,8.79,8.18,8.33,7.84,7.26,6.59,6.98,6.9,6.97,7.16,5.93,5.74,5.29,5.56,5.57,5.41,5.39,5.51,5.22,4.73,4.41,3.63,3.2,3.61,3.64,3.58,3.87,4.15,3.94,3.67,4.19,4.19,4.14,4.15,4.43,4.99,4.73,5.06,4.87,5.17,5.13,5.22,5.27,5.42,5,4.69,4.96,4.8,4.82,5.08,4.84,4.73,4.94,4.99,5.23,5.15,5.16,5.69,5.48,5.63,5.75,5.77,5.95,6,6.25,6.07,5.94,5.9,5.81,5.79,5.8,5.41,4.9,4.79,4.52,4.45,4.55,4.47,4.28,3.84,2.97,2.3,2.48,2.2,2.44,2.57,3.42,3.32,3.41,3.2,3.07,3.27,3.12,2.96,3,2.91,3.29,3.31,3.63,3.5,3.18,2.82,2.73,2.91,2.63,2.71,2.81,2.62,2.29,2.17,2,2.24,2.45,2.61,2.72,2.67,2.86,2.89,2.91,2.76,2.61,2.77,3.04,2.82,2.81,2.74,2.96,2.94,3.24,3.53,3.8,3.87,3.86,4,4.06,4.24,4.33,4.58,4.35,4.22,4.1,4.22,4.12,4.15,4.21,4.19,4.18,4.31,4.56,4.73,4.79,4.25,4.29,4.33,3.95,4.01,3.35,3.18,2.55,2.69,2.88,3.24,2.95,2.68,2.64,2.05,1.61,0.85,0.98,0.8,0.61,0.44,0.49,0.55,0.59,0.53,0.57,0.6,0.48,0.67,0.56,0.62,0.96,1.29,1.02,1.01,1.17,0.98,1.27,1.21,1.39,1.38,1.33,1.36,1.35,1.43,1.27,1.21,1.25,0.97,0.88,0.96,0.92,0.92,0.98,1.05,1.08,1.32,1.02,0.96,0.97,1.14,1.09,1.06,1.08,1.1,1.08,1.01,1.03,1.02,1.08,1.13,1.13,1.11,1.07,1,1,0.97,0.94,0.97,0.97,1,0.99,1.01,1.03,1.01,1,0.98,0.98,0.99,0.54,0.53,0.56,0.7,0.7,0.67,0.46,0.39,0.49,0.5,0.54,0.51,0.46,0.49,0.53,0.6,0.52,0.52,0.58,0.56,0.53,0.55,0.59,0.64,0.62,0.6,0.62,0.64,0.65,0.94,1.13,1.15,1.43,1.37,1.31,1.53,1.61,1.6,1.62,1.62,1.72,1.64,1.85,1.97,2.04,2.14,2.1,1.92,1.83,1.77,1.62,1.67,1.7,1.68,1.69,1.52,1.7,1.73,1.71,1.75,1.62,1.51,0.44,0.32,0.29,0.28,0.23,0.22,0.21,0.17,0.19,0.15,0.12,0.14,0.16,0.2,0.2,0.23,0.28,0.27,0.29,0.71,0.75,0.75,0.97,1.28,1.96,2.28,2.36,3.1,3.24,3.74,3.98,4.2,4.38,4.51,4.37,4.64,4.3,4.4,4.71,5.01,5.17,5.14,5.26,5.12,4.78,4.58
,"Real return bonds, long-term",v122553,1.59,4.53,4.48,4.59,4.67,4.67,4.71,4.67,4.67,4.61,4.6,4.62,4.62,4.6,4.57,4.53,4.44,4.39,4.33,4.31,4.24,4.07,4.09,3.96,3.78,3.52,3.79,4.1,4.16,4.29,4.7,4.7,4.69,4.63,4.67,4.8,4.92,5.03,4.79,4.77,4.59,4.43,4.42,4.86,4.68,4.73,4.92,4.48,4.42,4.57,4.88,4.9,4.99,4.8,4.81,4.82,4.74,4.58,4.14,3.97,4.09,4.19,4.13,4.25,4.24,4.34,4.19,3.95,4.21,4.01,4.02,4.05,4.14,4.11,4.06,4.03,3.95,3.9,3.85,3.87,4.1,4.02,4.07,4.17,4.11,4.1,4.13,4.16,4.09,4.08,4.03,4.02,4.03,4.05,4.05,4.04,4.01,4.02,3.92,3.8,3.64,3.81,3.77,3.65,3.67,3.6,3.52,3.51,3.42,3.36,3.39,3.45,3.61,3.58,3.53,3.66,3.68,3.68,3.6,3.68,3.76,3.73,3.73,3.68,3.63,3.54,3.42,3.45,3.4,3.25,3.45,3.43,3.33,3.22,3.06,3.08,3.13,3,2.99,3.15,3.15,3.08,3,2.91,2.79,2.57,2.56,2.39,2.46,2.32,2.37,2.31,2.22,2.32,2.28,2.17,2.11,2.03,2.07,2.08,1.92,1.86,1.87,1.93,1.73,1.64,1.7,1.65,1.44,1.54,1.44,1.59,1.79,1.83,1.9,1.8,1.61,1.66,1.78,1.63,1.73,1.79,1.75,1.77,1.76,2.02,2.15,2.09,2.15,2.15,2.05,2.14,1.99,1.98,1.94,1.67,1.72,1.57,1.45,1.6,1.53,2.06,2.49,2.68,2.1,2.26,2.19,2,2.01,2.34,1.91,1.89,1.82,1.74,1.63,1.56,1.52,1.55,1.59,1.56,1.54,1.44,1.42,1.55,1.4,1.17,1.17,1.3,1.12,1.35,1.31,1.13,1.05,0.99,1.04,0.84,0.88,0.88,0.85,0.61,0.47,0.53,0.44,0.52,0.59,0.37,0.42,0.33,0.4,0.35,0.38,0.34,0.38,0.54,0.52,0.48,0.42,0.68,1.12,1.02,1.1,1.16,1.04,1.18,1.22,0.99,0.96,0.9,0.92,0.76,0.78,0.63,0.6,0.75,0.68,0.61,0.62,0.23,0.13,0.15,0.38,0.53,0.61,0.48,0.78,0.69,0.8,0.75,0.67,0.68,0.6,0.49,0.46,0.47,0.36,0.33,0.22,0.18,0.25,0.35,0.58,0.7,0.7,0.66,0.57,0.49,0.58,0.74,0.7,0.83,0.76,0.6,0.52,0.6,0.59,0.55,0.72,0.54,0.43,0.61,0.6,0.66,0.81,0.84,0.75,0.72,0.69,0.4,0.51,0.44,0.36,0.32,0.15,0.3,0.38,0.31,0.32,0.15,0.08,0.57,0.23,0.16,-0.07,-0.21,-0.19,-0.21,-0.28,-0.3,-0.27,-0.12,0.2,0.22,0.38,0.21,0.11,0.02,0.15,0.25,0.09,0.15,-0.04,0.33,0.56,0.58,0.91,1.05,1.41,1.05,1.24,1.26,1.39,1.14,1.22,1.08,1.35,1.34,1.31,1.37,1.39,1.6,1.73,2.11,2.13,1.59,1.36
