ID,Date,Year,Month,"Measure of core inflation based on a factor model, CPI-common (year-over-year percent change)    ","Measure of core inflation based on a weighted median approach, CPI-median (year-over-year percent change)     ","Measure of core inflation based on a trimmed mean approach, CPI-trim (year-over-year percent change)     ","Consumer Price Index (CPI), all-items excluding eight of the most volatile components as defined by the Bank of Canada ",Bank rate,"Overnight money market financing, 7 day average 3",Selected Government of Canada benchmark bond yields: 2 year,Selected Government of Canada benchmark bond yields: 7 year,Selected Government of Canada benchmark bond yields: long term,"Government of Canada marketable bonds, average yield: 1-3 year 4","Government of Canada marketable bonds, average yield: 5-10 year 4","Government of Canada marketable bonds, average yield: over 10 years 4",Treasury bill auction - average yields: 3 month,Treasury bill auction - average yields: 6 month,Treasury bill auction - average yields: 1 year,Treasury bills: 1 month,Treasury bills: 3 month,Treasury bills: 1 year,"Real return bonds, long-term",Mortgage Rate,"St. John's, Newfoundland and Labrador (HPI)","Halifax, Nova Scotia (HPI)","Saint John, Fredericton, and Moncton, New Brunswick  (HPI)","Quebec, Quebec (HPI)","Montreal, Quebec (HPI)","Ottawa-Gatineau, Ontario part, Ontario/Quebec  (HPI)","Toronto, Ontario  (HPI)","Hamilton, Ontario (HPI)","St. Catharines-Niagara, Ontario (HPI)","Kitchener-Cambridge-Waterloo, Ontario (HPI)","London, Ontario (HPI)","Windsor, Ontario (HPI)","Greater Sudbury, Ontario  (HPI)","Winnipeg, Manitoba (HPI)","Regina, Saskatchewan (HPI)","Saskatoon, Saskatchewan (HPI)","Calgary, Alberta (HPI)","Edmonton, Alberta (HPI)","Vancouver, British Columbia (HPI)","Victoria, British Columbia (HPI)",Average_HPI
1,1992-01,1992,1,1.7,2.2,1.6,82.3,7.08,7.0625,7.25,8.21,8.92,7.54,8.35,8.92,7.04,7.057,7.208,6.93,6.92,7.14,4.53,9.71,50.9,54.4,84.2,62.3,53.2,51.1,41.6,50.2,52.2,55.7,55.3,89.8,84.1,40.5,27.2,40.4,31.5,44.4,91.0,161.8,61.09
2,1992-02,1992,2,1.4,2.0,1.5,82.6,7.56,7.2054,7.35,8.29,8.94,7.72,8.41,8.97,7.25,7.335,7.446,7.12,7.23,7.42,4.48,9.68,50.9,54.4,84.9,62.5,53.0,51.1,41.0,49.8,52.7,54.8,55.3,89.8,84.1,40.6,27.3,40.4,31.4,44.4,93.0,161.6,61.15
3,1992-03,1992,3,1.3,1.9,1.6,82.8,7.65,6.8304,7.96,8.78,9.16,8.25,8.88,9.28,7.239,7.408,7.67,7.21,7.23,7.59,4.59,10.06,51.1,54.4,85.4,62.3,53.2,51.0,40.9,49.6,52.9,54.2,55.7,89.8,84.1,40.7,27.3,40.5,31.6,45.3,92.8,162.6,61.27
4,1992-04,1992,4,1.2,1.9,1.5,82.9,6.85,6.4286,7.72,8.77,9.4,7.98,8.95,9.51,6.719,6.976,7.385,6.47,6.67,7.33,4.67,10.37,51.1,54.5,85.4,62.5,53.2,51.1,41.0,49.4,53.2,53.6,55.7,89.1,82.9,40.9,27.4,40.6,31.7,45.0,93.4,164.4,61.305
5,1992-05,1992,5,1.1,1.8,1.5,83.1,6.5,6.1964,7.01,8.33,9.07,7.17,8.6,9.17,6.081,6.189,6.519,6.1,6.13,6.63,4.67,10.14,51.1,55.1,85.4,63.5,53.1,51.1,40.8,48.3,52.5,53.5,55.7,89.1,83.1,41.0,28.0,40.6,31.7,45.5,93.9,166.0,61.45
6,1992-06,1992,6,0.8,1.8,1.5,83.1,5.91,6.0804,6.42,7.82,8.83,6.58,8.17,8.87,5.596,5.687,5.883,5.69,5.64,5.92,4.71,9.72,51.1,55.1,85.3,63.5,53.0,51.5,40.8,48.4,52.4,53.0,55.6,88.9,84.0,41.1,28.0,40.6,31.8,45.5,94.5,165.8,61.495
7,1992-07,1992,7,1.2,1.8,1.5,83.3,5.5,5.8214,5.5,6.95,8.34,5.7,7.43,8.21,5.17,5.158,5.238,5.37,5.24,5.24,4.67,9.26,51.1,55.0,85.3,63.2,53.0,51.6,40.6,48.5,51.9,53.2,55.5,88.9,84.0,41.1,28.1,40.6,31.8,45.5,94.6,165.5,61.45
8,1992-08,1992,8,1.2,1.7,1.4,83.4,5.11,5.1339,5.41,6.96,8.12,5.6,7.43,8.19,4.821,4.841,4.988,4.81,4.86,5.03,4.67,8.72,51.2,54.9,84.9,62.4,52.9,51.5,40.4,48.4,52.0,53.2,55.5,88.9,84.0,41.1,28.1,40.6,31.8,45.7,95.3,165.5,61.415
9,1992-09,1992,9,1.3,1.6,1.4,83.5,5.69,6.2946,6.93,7.86,8.33,7.12,7.98,8.53,7.371,7.041,6.767,7.9,7.6,7.13,4.61,8.54,51.2,54.9,85.1,61.9,53.0,51.5,39.9,48.2,51.4,53.2,55.5,89.5,84.0,41.2,28.3,40.7,31.9,45.7,95.7,164.7,61.375
10,1992-10,1992,10,1.5,1.7,1.5,83.8,7.37,8.0625,5.84,7.37,8.21,6.16,7.63,8.33,6.055,5.76,5.577,7.1,6.15,5.81,4.6,9.23,51.2,54.9,85.1,61.8,53.1,51.5,39.9,47.8,51.1,53.2,55.4,89.5,83.8,41.2,28.3,40.7,32.0,46.0,95.9,163.7,61.305
11,1992-11,1992,11,1.6,1.7,1.6,84.2,8.82,7.8036,7.1,7.92,8.5,7.37,8.1,8.66,8.566,8.577,8.176,8.05,8.14,7.65,4.62,9.33,51.2,54.9,85.5,61.7,53.1,51.4,40.6,47.7,51.2,53.3,55.4,89.5,83.8,41.2,28.6,40.7,32.0,45.9,96.2,162.7,61.33
12,1992-12,1992,12,1.8,2.0,2.0,84.1,7.36,6.7946,6.93,7.84,8.36,7.2,8.03,8.54,7.111,7.17,7.314,6.64,7.01,7.13,4.62,9.48,51.2,54.9,85.1,61.5,53.1,51.4,40.5,47.9,51.3,53.4,55.3,88.2,83.6,41.2,28.6,41.1,32.2,45.9,95.3,161.9,61.18
13,1993-01,1993,1,1.8,2.0,2.0,84.4,6.81,6.4643,6.91,7.9,8.51,7.09,8.11,8.67,6.562,6.778,6.945,6.32,6.47,6.83,4.6,9.47,51.2,54.9,84.8,61.4,53.0,50.8,40.4,47.4,51.2,53.4,55.3,88.2,84.1,41.5,28.8,41.1,32.2,45.9,95.0,162.2,61.14
14,1993-02,1993,2,1.9,1.9,2.1,84.7,6.09,5.9286,6.56,7.35,8.13,6.77,7.64,8.19,5.843,6.134,6.475,5.78,5.91,6.62,4.57,9.44,51.2,54.9,85.0,61.4,53.1,50.8,40.1,46.6,50.9,54.2,55.2,88.2,85.2,42.2,29.4,41.1,32.4,47.0,97.0,162.4,61.415
15,1993-03,1993,3,1.7,1.9,2.0,84.7,5.36,4.7857,6.41,7.39,8.18,6.54,7.76,8.27,5.113,5.466,5.901,5.02,5.35,6.14,4.53,8.97,51.2,56.2,85.3,61.5,53.2,51.0,40.1,47.3,51.0,54.2,55.3,89.0,84.7,43.1,29.5,42.6,33.8,47.9,96.7,162.7,61.815
16,1993-04,1993,4,1.8,1.9,1.9,84.8,5.6,4.4464,6.5,7.41,8.15,6.58,7.74,8.27,5.345,5.806,6.259,4.78,5.36,6.17,4.44,8.89,51.2,56.2,85.3,62.0,53.7,51.4,39.9,47.1,50.9,54.2,55.3,89.0,85.7,43.1,29.7,42.6,33.7,48.0,99.7,161.8,62.025
17,1993-05,1993,5,1.6,1.8,1.9,84.8,5.1,4.5,6.28,7.53,8.17,6.3,7.61,8.12,4.848,5.235,5.815,4.62,4.82,5.79,4.39,8.88,51.2,56.7,85.1,62.1,53.5,51.2,39.5,47.1,50.5,54.4,55.6,89.0,86.9,43.0,29.7,42.6,33.5,48.1,97.3,162.4,61.97
18,1993-06,1993,6,1.7,1.8,1.9,84.9,4.79,4.2946,5.89,7.26,8.01,5.89,7.36,7.96,4.539,4.851,5.316,4.29,4.53,5.22,4.33,8.86,51.2,56.6,85.1,62.1,53.7,50.8,40.2,47.0,49.8,54.7,55.4,89.0,86.7,43.0,29.6,42.6,32.9,47.7,97.7,161.3,61.855
19,1993-07,1993,7,1.4,1.8,1.9,85.2,4.41,3.9554,5.39,7.0,7.85,5.51,7.13,7.79,4.156,4.487,4.901,3.92,4.06,4.85,4.31,8.68,51.1,56.6,85.0,62.1,53.7,50.8,39.5,47.1,49.8,54.4,55.4,89.0,86.8,43.0,29.6,42.6,33.0,47.7,99.7,160.9,61.89
20,1993-08,1993,8,1.3,1.7,1.9,85.4,4.9,4.4464,5.3,6.68,7.47,5.41,6.78,7.4,4.74,5.03,5.253,4.35,4.57,4.98,4.24,8.58,51.2,56.6,85.2,62.2,53.7,50.8,40.0,47.2,48.9,54.1,55.6,88.8,88.0,43.0,29.6,42.6,32.9,47.5,99.9,161.4,61.96
21,1993-09,1993,9,1.5,1.7,1.9,85.6,4.9,4.3571,5.65,6.86,7.57,5.74,7.0,7.55,4.648,5.071,5.436,4.31,4.69,5.5,4.07,8.57,51.2,56.6,84.7,61.7,53.8,51.1,40.2,47.8,48.7,54.6,55.6,88.8,88.1,42.9,29.7,42.6,33.0,47.7,99.6,159.9,61.915
22,1993-10,1993,10,1.6,1.8,1.9,85.7,4.63,4.5893,5.06,6.48,7.41,5.16,6.71,7.35,4.383,4.597,4.867,4.35,4.4,4.88,4.09,8.55,50.6,56.8,84.7,61.8,53.9,51.2,39.8,47.6,48.5,54.3,55.6,88.1,88.1,42.7,30.0,42.6,33.0,47.9,100.2,156.5,61.695
23,1993-11,1993,11,1.4,1.6,1.8,86.1,4.36,3.9286,5.02,6.8,7.56,5.06,6.75,7.45,4.09,4.341,4.725,3.89,4.08,4.72,3.96,7.84,51.4,57.1,85.0,61.8,54.0,51.2,39.7,47.3,47.9,54.1,55.6,88.1,88.1,43.1,30.3,42.6,33.1,47.9,100.0,156.2,61.725
24,1993-12,1993,12,1.5,1.6,1.6,86.1,4.11,3.7857,4.61,6.34,7.28,4.57,6.33,7.12,3.856,4.015,4.21,3.6,3.87,4.23,3.78,7.71,51.4,57.1,85.0,61.8,54.0,51.2,39.7,47.1,47.9,54.2,55.7,88.1,88.1,43.1,30.4,43.1,33.3,48.0,98.9,155.2,61.665
25,1994-01,1994,1,1.2,1.5,1.5,86.1,3.88,3.8839,4.18,6.04,7.16,4.18,6.03,6.86,3.632,3.752,3.926,3.61,3.63,3.83,3.52,7.33,51.4,57.1,84.7,61.8,53.7,51.3,39.7,47.1,48.0,53.3,55.7,88.1,87.2,43.6,31.0,43.1,33.7,48.6,98.7,155.5,61.665
26,1994-02,1994,2,1.3,1.6,1.6,86.6,4.1,3.6429,5.02,6.72,7.53,4.93,6.69,7.33,3.85,4.126,4.494,3.54,3.84,4.53,3.79,7.2,51.4,57.1,84.7,61.3,53.7,51.2,39.5,46.8,47.7,53.0,55.6,88.1,87.6,43.8,31.0,43.1,33.7,48.6,99.0,156.7,61.68
27,1994-03,1994,3,1.3,1.7,1.6,86.6,5.64,4.3393,6.71,7.8,8.33,6.71,7.82,8.25,5.388,5.883,6.252,4.65,5.47,6.39,4.1,7.89,51.1,57.1,84.7,61.0,53.8,51.0,39.5,47.1,47.2,53.3,55.7,88.1,87.6,44.5,31.1,43.1,33.9,48.6,98.0,156.7,61.655
28,1994-04,1994,4,1.1,1.6,1.6,86.7,6.07,5.6607,6.84,7.81,8.22,6.89,7.8,8.18,5.818,6.285,6.624,5.41,5.86,6.57,4.16,9.43,51.7,57.1,84.7,60.9,53.7,51.3,39.6,46.6,47.4,53.6,55.7,88.6,88.0,44.5,31.1,43.1,33.9,48.6,98.2,154.7,61.65
29,1994-05,1994,5,0.9,1.5,1.3,86.4,6.31,5.9196,7.42,8.26,8.58,7.4,8.26,8.55,6.335,6.827,7.249,5.53,6.14,7.0,4.29,9.48,52.0,57.6,85.2,61.5,53.9,51.3,39.5,46.6,47.4,52.9,55.7,88.6,88.6,44.6,31.2,43.1,33.7,48.3,97.8,153.4,61.645
30,1994-06,1994,6,0.9,1.4,1.3,86.5,6.92,5.6518,8.36,9.04,9.27,8.33,9.07,9.29,6.672,7.478,8.029,5.59,6.38,7.85,4.7,9.8,51.6,57.6,85.3,61.5,53.7,51.2,39.9,47.1,47.7,52.9,55.7,88.6,88.5,44.6,31.2,42.9,33.9,48.3,97.8,152.1,61.605
31,1994-07,1994,7,0.9,1.4,1.3,86.6,6.04,5.4375,8.27,9.23,9.46,8.19,9.25,9.5,5.794,6.662,7.572,5.33,5.76,7.6,4.7,10.69,51.4,57.9,85.3,61.5,53.7,51.2,39.9,47.1,47.2,52.8,56.1,88.6,88.5,44.7,31.2,42.9,33.9,48.1,96.6,152.6,61.56
32,1994-08,1994,8,0.8,1.4,1.4,86.7,5.6,5.3839,7.6,8.52,8.87,7.43,8.57,8.89,5.354,5.591,6.622,5.25,5.52,6.77,4.69,10.33,51.7,58.7,85.5,61.3,53.8,51.6,40.1,47.3,46.7,52.9,55.8,88.6,88.5,44.7,31.3,42.9,34.0,48.1,96.5,152.6,61.63
33,1994-09,1994,9,0.8,1.5,1.4,87.1,5.54,4.9196,7.46,8.68,9.07,7.23,8.67,9.04,5.291,5.854,6.81,4.9,5.2,6.59,4.63,10.01,51.7,58.7,85.5,61.3,54.1,51.6,40.2,47.1,46.8,52.9,55.8,88.6,88.5,44.8,31.3,43.0,34.0,48.1,96.1,150.6,61.535
34,1994-10,1994,10,0.6,1.3,1.4,87.1,5.62,4.9375,7.64,8.88,9.36,7.53,8.89,9.29,5.374,6.054,6.918,4.92,5.39,6.89,4.67,9.84,51.7,58.9,85.5,61.3,54.1,51.3,40.3,47.2,47.2,53.0,55.6,88.6,88.5,44.8,31.3,43.0,34.0,48.2,95.3,149.1,61.445
35,1994-11,1994,11,0.8,1.6,1.4,87.4,6.04,5.3304,8.01,8.97,9.26,7.98,8.99,9.24,5.789,6.458,7.31,5.4,5.86,7.35,4.8,9.85,51.8,59.1,85.4,61.4,54.5,51.4,40.0,47.3,47.4,52.4,55.8,88.6,88.5,44.9,31.3,43.0,34.1,47.9,94.8,150.1,61.485
36,1994-12,1994,12,0.9,1.7,1.6,87.5,7.43,5.5357,8.84,9.08,9.13,8.86,9.09,9.16,7.181,8.11,8.835,5.52,7.14,8.79,4.92,10.25,51.8,59.3,85.4,61.4,54.5,51.4,40.1,48.0,47.3,53.0,55.8,88.6,88.5,44.9,31.3,42.8,34.0,48.0,94.4,146.2,61.335
37,1995-01,1995,1,1.2,1.7,1.8,87.8,8.38,7.0804,8.9,9.3,9.4,8.85,9.31,9.41,7.979,8.47,8.768,7.35,8.1,8.79,5.03,10.6,51.8,59.3,85.4,61.4,54.4,51.3,40.3,48.0,47.3,53.2,56.0,89.2,88.5,45.0,31.4,42.8,34.0,48.0,93.9,146.8,61.4
38,1995-02,1995,2,1.2,1.8,1.8,88.2,8.38,8.0179,8.06,8.65,8.87,8.1,8.67,8.86,7.768,7.885,7.855,7.65,8.11,8.18,4.79,10.48,52.1,59.4,85.4,61.5,54.8,50.7,40.5,47.8,46.8,52.4,54.1,89.2,88.5,45.0,32.0,42.8,34.1,46.8,93.0,146.0,61.145
39,1995-03,1995,3,1.5,1.8,1.9,88.4,8.47,8.0625,7.97,8.44,8.76,8.1,8.46,8.7,8.217,8.282,8.265,8.02,8.29,8.33,4.77,9.93,52.1,59.5,84.9,61.7,54.7,50.5,40.7,47.3,46.5,52.4,54.1,89.2,88.5,45.3,32.4,43.1,34.2,48.0,91.7,145.5,61.115
40,1995-04,1995,4,1.5,1.9,2.1,88.4,8.17,7.9943,7.65,8.14,8.52,7.73,8.16,8.44,7.917,7.93,7.899,7.78,7.87,7.84,4.59,9.66,51.9,59.5,84.9,61.7,54.8,50.7,40.5,47.1,46.7,52.8,53.7,89.2,88.5,45.3,32.5,43.4,34.2,48.1,91.2,145.2,61.095
41,1995-05,1995,5,1.9,2.1,2.3,88.5,7.64,7.6286,7.04,7.67,8.26,7.14,7.69,8.11,7.394,7.384,7.282,7.5,7.4,7.26,4.43,8.98,51.9,59.7,84.9,61.9,54.6,50.1,40.4,46.6,46.3,52.4,53.7,88.8,88.5,45.4,32.5,43.4,34.2,48.1,91.4,142.7,60.875
42,1995-06,1995,6,1.9,2.1,2.3,88.5,6.97,7.3229,6.74,7.56,8.19,6.76,7.59,8.02,6.721,6.667,6.626,6.82,6.73,6.59,4.42,8.67,51.9,59.7,84.4,61.9,54.8,49.9,40.2,46.5,46.7,52.7,53.2,88.8,88.5,45.5,32.5,43.4,34.2,47.9,90.8,140.9,60.72
43,1995-07,1995,7,2.0,2.1,2.2,88.8,6.87,6.5571,7.21,8.04,8.66,7.16,8.08,8.5,6.623,6.849,6.977,6.45,6.65,6.98,4.86,8.54,51.9,59.7,84.4,61.9,54.8,50.0,40.4,46.4,47.2,52.6,53.6,88.8,88.3,45.5,32.6,43.4,34.2,47.9,90.1,141.1,60.74
44,1995-08,1995,8,2.0,2.1,2.1,88.9,6.59,6.4229,7.05,7.78,8.41,7.0,7.83,8.24,6.338,6.617,6.916,6.16,6.34,6.9,4.68,8.94,51.1,60.1,84.8,62.1,54.8,49.9,40.3,46.9,46.9,52.6,53.6,88.8,88.3,45.5,32.6,43.4,34.2,47.7,89.9,139.6,60.655
45,1995-09,1995,9,1.9,2.0,2.2,89.2,6.71,6.1257,7.05,7.68,8.27,7.07,7.75,8.11,6.456,6.737,6.941,6.18,6.58,6.97,4.73,8.95,51.2,60.1,84.8,62.1,54.7,49.9,40.4,46.7,46.7,52.1,53.6,88.8,88.3,45.5,32.6,43.4,34.2,48.0,89.3,138.8,60.56
46,1995-10,1995,10,2.0,2.0,2.0,89.2,7.65,6.2129,6.98,7.68,8.28,7.08,7.74,8.11,5.929,6.111,6.121,7.0,7.16,7.16,4.92,8.75,51.2,60.1,84.8,62.1,54.5,49.9,40.1,47.0,46.6,51.9,53.8,88.8,88.3,45.5,32.6,43.6,34.2,48.0,87.6,136.7,60.365
47,1995-11,1995,11,1.8,1.7,1.9,89.5,6.07,5.9357,6.07,6.93,7.63,6.16,7.01,7.44,5.816,5.891,5.947,5.75,5.83,5.93,4.48,8.66,51.3,60.3,84.1,62.1,54.4,49.3,40.0,46.4,47.1,52.0,52.9,88.8,88.3,45.5,32.6,43.6,34.1,48.1,87.0,134.5,60.12
48,1995-12,1995,12,1.5,1.5,1.7,89.1,5.79,5.7086,5.89,6.99,7.63,5.98,6.92,7.43,5.541,5.646,5.768,5.49,5.54,5.74,4.42,8.46,51.3,60.3,84.1,62.1,54.4,49.3,40.2,46.6,47.3,52.5,53.3,88.8,88.3,45.5,32.6,43.6,34.1,48.1,86.7,132.4,60.075
49,1996-01,1996,1,1.3,1.5,1.5,89.3,5.37,5.5057,5.41,6.77,7.64,5.48,6.69,7.35,5.119,5.186,5.32,5.12,5.12,5.29,4.57,8.02,51.3,60.3,84.0,61.7,54.4,49.3,40.3,46.6,47.3,52.6,53.3,88.8,88.2,45.4,32.7,43.6,34.1,48.1,86.3,132.6,60.045
50,1996-02,1996,2,1.2,1.4,1.5,89.6,5.5,5.1771,5.8,7.3,8.08,5.89,7.23,7.84,5.18,5.31,5.494,5.11,5.21,5.56,4.88,7.79,51.1,60.2,84.0,62.3,54.2,49.3,39.6,46.0,47.4,52.6,53.3,88.8,88.2,45.5,32.7,43.6,34.1,48.0,85.7,131.8,59.92
51,1996-03,1996,3,1.2,1.3,1.4,89.7,5.25,4.9386,6.14,7.41,8.14,6.13,7.39,7.94,5.025,5.236,5.579,4.86,5.02,5.57,4.9,8.16,50.9,60.0,83.9,61.6,54.4,49.5,39.7,46.2,47.4,52.6,53.3,88.8,88.2,45.5,32.7,43.8,34.0,48.2,84.6,131.4,59.835
52,1996-04,1996,4,1.3,1.3,1.2,89.9,5.0,4.7557,6.1,7.51,8.26,6.07,7.49,8.07,4.726,4.97,5.414,4.66,4.78,5.41,4.99,8.48,50.9,60.1,83.8,61.4,54.2,49.0,39.5,46.4,47.4,52.5,53.3,88.8,88.2,45.5,32.7,43.9,34.1,48.2,82.9,130.8,59.68
53,1996-05,1996,5,1.3,1.2,1.2,90.0,5.0,4.77,6.06,7.4,8.09,6.05,7.39,7.92,4.645,4.851,5.325,4.57,4.68,5.39,4.8,8.47,50.7,60.3,83.0,61.4,54.4,49.3,39.4,46.0,47.2,52.4,53.3,88.8,88.1,45.6,33.0,43.9,34.1,48.0,82.6,129.6,59.555
54,1996-06,1996,6,1.3,1.3,1.2,90.0,5.0,4.7171,6.29,7.44,8.17,6.07,7.44,7.98,4.695,4.981,5.526,4.54,4.7,5.51,4.81,8.48,50.7,60.6,83.3,61.4,54.7,49.1,39.5,46.0,47.1,52.3,53.3,88.8,88.1,45.7,33.0,44.1,34.5,48.0,82.2,127.8,59.51
55,1996-07,1996,7,1.2,1.2,1.2,90.2,4.75,4.5443,6.01,7.28,8.06,5.83,7.27,7.86,4.425,4.773,5.281,4.32,4.39,5.22,4.82,8.48,50.7,60.7,83.3,61.4,54.7,48.9,39.5,45.8,47.2,52.2,53.6,88.8,88.1,45.7,33.1,44.1,34.6,48.0,82.1,127.7,59.51
56,1996-08,1996,8,1.2,1.2,1.1,90.4,4.25,4.0157,5.48,6.96,7.83,5.34,6.95,7.6,4.033,4.319,4.755,3.73,4.02,4.73,4.74,8.01,50.7,60.6,83.3,61.4,54.7,49.0,39.5,46.7,47.1,52.2,53.6,88.8,88.0,45.7,33.1,44.1,34.6,47.8,81.8,130.4,59.655
57,1996-09,1996,9,1.3,1.3,1.1,90.7,4.25,4.0329,4.95,6.73,7.75,4.96,6.73,7.48,3.962,4.26,4.663,3.77,3.86,4.41,4.58,7.94,50.7,60.6,83.3,61.8,54.7,49.1,39.3,46.6,47.3,52.3,53.6,88.8,88.0,45.7,33.4,44.5,34.9,48.0,81.8,130.4,59.74
58,1996-10,1996,10,1.4,1.3,1.3,90.8,3.5,3.4157,4.28,6.02,7.12,4.38,6.07,6.81,3.193,3.4,3.681,3.06,3.17,3.63,4.14,7.5,50.7,60.4,83.2,61.8,54.7,49.4,39.5,46.6,47.1,51.8,53.6,88.8,88.0,45.9,33.4,44.5,35.1,48.0,80.8,129.5,59.64
59,1996-11,1996,11,1.5,1.4,1.4,91.2,3.25,3.0071,3.68,5.68,6.75,3.76,5.64,6.42,2.69,2.871,3.167,2.73,2.73,3.2,3.97,7.01,50.6,60.4,83.3,61.7,54.6,49.9,39.7,47.0,48.0,52.1,53.2,93.1,88.2,45.9,33.5,44.5,35.5,48.0,81.0,128.5,59.935
60,1996-12,1996,12,1.6,1.4,1.4,91.0,3.25,3.01,4.03,6.02,7.09,4.24,6.02,6.77,2.799,3.176,3.541,2.55,2.85,3.61,4.09,6.94,50.6,60.4,83.3,61.7,54.8,49.9,39.7,46.8,48.7,52.1,53.2,93.1,88.2,46.3,33.5,44.5,36.2,48.1,80.2,126.5,59.89
61,1997-01,1997,1,1.6,1.4,1.3,91.2,3.25,2.9986,4.44,6.27,7.38,4.28,6.28,7.07,2.841,3.159,3.59,2.71,2.87,3.64,4.19,7.14,50.6,60.0,83.3,61.7,54.9,50.2,40.0,46.9,49.1,52.4,53.8,93.3,87.8,46.3,33.5,44.5,36.3,48.5,80.1,127.2,60.02
62,1997-02,1997,2,1.6,1.3,1.3,91.4,3.25,2.9843,4.29,5.99,7.08,4.22,6.02,6.78,2.858,3.098,3.467,2.72,2.91,3.58,4.13,7.12,50.6,60.1,82.7,61.9,54.9,49.8,40.2,47.8,48.4,52.1,54.1,94.0,88.1,46.3,33.6,44.5,36.4,48.8,80.2,127.3,60.09
63,1997-03,1997,3,1.6,1.3,1.3,91.6,3.25,2.9629,4.64,6.27,7.24,4.79,6.3,6.97,3.186,3.479,3.918,2.83,3.14,3.87,4.25,7.06,50.6,60.1,82.9,61.9,54.9,49.8,40.2,48.5,49.1,52.2,54.1,94.1,88.1,46.6,33.7,44.8,36.7,48.8,80.1,127.3,60.225
64,1997-04,1997,4,1.6,1.3,1.3,91.8,3.25,3.0357,4.8,6.37,7.18,4.98,6.41,6.97,3.138,3.589,4.23,2.88,3.14,4.15,4.24,7.56,49.3,59.1,80.5,61.4,54.6,50.1,40.6,48.5,49.1,52.3,53.8,93.9,88.1,46.6,33.8,44.8,36.8,48.9,80.2,126.5,59.945
65,1997-05,1997,5,1.5,1.3,1.2,91.9,3.25,2.9571,4.66,6.3,7.15,4.88,6.38,6.95,3.005,3.392,3.868,2.72,2.99,3.94,4.34,7.46,49.8,58.2,80.1,61.2,54.2,50.0,40.9,48.4,48.9,52.7,54.2,93.9,87.8,46.6,34.7,44.8,36.9,49.0,80.1,125.5,59.895
66,1997-06,1997,6,1.6,1.2,1.3,92.0,3.25,2.9657,4.27,5.76,6.73,4.46,5.86,6.49,2.861,3.182,3.67,2.58,2.86,3.67,4.19,7.22,49.6,58.3,80.0,61.1,54.4,50.0,40.9,48.8,49.3,53.1,54.2,94.2,87.8,46.8,34.8,45.4,37.2,49.1,79.4,126.4,60.04
67,1997-07,1997,7,1.5,1.1,1.1,92.0,3.5,3.2429,4.49,5.51,6.32,4.66,5.59,6.11,3.321,3.725,4.26,2.95,3.29,4.19,3.95,6.98,49.6,58.3,79.8,61.1,54.4,50.1,41.2,49.1,49.6,53.2,54.2,94.2,87.7,46.8,34.9,45.4,37.3,49.1,78.6,126.4,60.05
68,1997-08,1997,8,1.5,1.2,1.2,92.1,3.5,3.2671,4.26,5.73,6.63,4.66,5.82,6.38,3.13,3.711,4.214,2.62,3.11,4.19,4.21,7.0,49.3,59.2,79.5,61.2,54.6,50.1,41.1,49.9,49.7,53.1,54.1,94.8,87.3,46.8,34.9,45.4,37.4,49.4,78.1,126.0,60.095
69,1997-09,1997,9,1.4,1.0,1.1,92.2,3.5,3.2357,4.47,5.38,6.26,4.61,5.49,5.99,3.099,3.615,4.167,2.54,2.86,4.14,4.01,6.96,49.3,59.0,79.4,61.2,54.6,50.0,41.2,50.1,49.9,53.6,54.2,94.8,86.2,47.0,34.9,45.4,37.6,49.4,77.8,124.2,59.99
70,1997-10,1997,10,1.4,1.1,1.0,92.4,3.75,3.54,4.38,5.2,6.05,4.53,5.31,5.8,3.628,3.88,4.2,3.38,3.59,4.15,4.02,6.73,49.3,58.8,79.5,61.4,54.7,49.9,41.3,50.0,50.8,53.8,54.2,95.0,86.2,47.0,35.0,45.4,38.0,49.8,76.4,123.6,60.005
71,1997-11,1997,11,1.2,0.9,0.8,92.3,4.0,3.5529,4.63,5.34,5.96,4.82,5.43,5.78,3.574,3.926,4.254,3.4,3.67,4.43,4.05,6.69,49.2,58.9,79.5,61.5,54.7,50.0,42.1,50.1,51.1,54.2,54.2,95.0,85.7,47.0,35.4,45.4,38.3,49.8,76.0,122.9,60.05
72,1997-12,1997,12,1.2,0.9,0.8,92.2,4.5,4.3357,5.04,5.48,5.95,5.22,5.54,5.8,4.46,4.879,5.196,3.31,3.99,4.99,4.14,6.9,49.3,58.9,79.6,61.5,54.7,50.1,42.1,50.2,50.9,54.3,54.2,95.0,85.7,47.0,35.4,45.5,38.8,50.0,76.2,123.2,60.13
73,1998-01,1998,1,1.4,1.1,1.1,92.6,4.5,4.2843,4.73,5.23,5.81,4.9,5.31,5.63,4.183,4.599,4.91,3.64,4.1,4.73,4.11,6.9,49.3,58.8,79.4,61.5,54.6,49.9,42.4,50.5,51.0,54.4,54.2,95.0,85.6,47.0,35.7,45.8,39.6,50.5,75.2,121.8,60.11
74,1998-02,1998,2,1.6,1.2,1.1,92.9,5.0,4.7114,5.05,5.35,5.78,5.13,5.41,5.64,4.571,4.894,5.093,4.54,4.57,5.06,4.06,6.84,49.3,58.8,79.2,61.6,54.9,50.0,42.4,50.8,51.1,54.3,54.0,95.0,85.0,47.1,35.9,45.8,39.8,50.5,74.9,120.3,60.035
75,1998-03,1998,3,1.4,1.1,0.9,93.0,5.0,4.6829,4.87,5.2,5.7,5.0,5.27,5.54,4.565,4.708,4.929,4.55,4.59,4.87,4.03,6.84,49.3,58.8,79.1,61.6,54.9,50.1,42.5,50.9,51.2,54.3,54.3,95.0,85.2,47.1,35.9,46.0,40.0,50.8,74.5,119.1,60.03
76,1998-04,1998,4,1.5,1.2,0.9,93.0,5.0,4.7257,5.12,5.39,5.76,5.23,5.44,5.64,4.825,4.97,5.122,4.64,4.85,5.17,3.95,6.79,49.1,60.0,78.8,61.7,54.9,50.0,42.6,51.2,51.2,54.4,54.3,95.0,84.4,47.1,36.0,46.3,40.3,51.0,73.3,117.3,59.945
77,1998-05,1998,5,1.6,1.2,0.9,93.1,5.0,4.7386,5.09,5.27,5.61,5.17,5.31,5.49,4.75,4.97,5.16,4.47,4.75,5.13,3.9,6.92,48.8,60.5,78.5,61.6,54.8,50.0,42.8,50.8,51.3,54.7,54.3,95.0,84.3,47.1,36.1,46.3,40.5,51.3,73.5,114.9,59.855
78,1998-06,1998,6,1.6,1.2,0.9,93.2,5.0,4.74,5.2,5.33,5.52,5.28,5.34,5.45,4.882,5.069,5.243,4.57,4.87,5.22,3.85,6.9,48.7,60.5,78.4,61.6,54.8,50.1,43.0,50.9,51.4,54.9,54.3,95.1,84.3,47.2,36.1,46.4,40.8,51.3,73.2,113.1,59.805
79,1998-07,1998,7,1.7,1.2,1.1,93.2,5.0,4.77,5.24,5.46,5.61,5.36,5.47,5.56,4.926,5.073,5.245,4.74,4.94,5.27,3.87,6.9,48.7,59.6,78.4,61.6,54.8,50.4,43.1,50.8,51.6,54.9,54.3,95.1,84.2,47.2,36.2,46.4,41.1,51.4,73.1,113.2,59.805
80,1998-08,1998,8,1.7,1.2,1.1,93.4,5.0,4.72,5.41,5.69,5.83,5.56,5.7,5.78,4.876,5.169,5.356,4.61,4.91,5.42,4.1,7.08,48.7,59.8,78.2,61.6,54.8,50.4,43.0,51.2,51.9,55.1,54.4,94.9,84.3,47.2,36.5,46.4,41.2,51.3,72.6,113.4,59.845
81,1998-09,1998,9,1.8,1.2,1.0,93.5,5.75,5.7271,4.7,4.84,5.32,4.87,4.92,5.15,4.936,5.074,5.035,4.8,4.91,5.0,4.02,7.32,48.7,59.8,78.1,61.2,54.8,50.5,43.3,51.6,51.5,55.0,54.4,94.2,84.2,47.2,36.8,46.4,41.3,51.4,71.8,112.3,59.725
82,1998-10,1998,10,1.8,1.2,1.2,93.7,5.5,5.2329,4.51,4.79,5.45,4.67,4.95,5.27,4.744,4.793,4.736,4.82,4.71,4.69,4.07,6.73,48.7,59.9,78.1,61.2,55.0,50.6,43.4,51.6,51.9,54.9,54.8,94.2,84.2,47.2,36.8,46.4,41.3,51.5,71.5,112.4,59.78
83,1998-11,1998,11,2.0,1.3,1.2,93.6,5.25,4.9514,4.94,5.11,5.47,5.06,5.17,5.35,4.815,4.933,4.973,4.61,4.78,4.96,4.17,6.94,48.6,59.9,78.1,61.3,55.0,50.7,43.5,51.6,52.5,55.0,54.8,94.2,84.2,47.3,36.8,46.4,41.4,51.6,71.2,111.8,59.795
84,1998-12,1998,12,1.9,1.2,1.1,93.4,5.25,5.1129,4.72,4.82,5.23,4.84,4.88,5.08,4.697,4.755,4.827,4.49,4.66,4.8,4.11,6.69,48.3,59.9,78.4,61.3,55.0,50.5,43.4,51.7,52.4,55.1,54.8,94.2,84.2,47.3,36.8,46.4,41.6,51.6,71.0,112.3,59.81
85,1999-01,1999,1,2.0,1.1,1.0,93.4,5.25,4.9914,4.73,4.87,5.23,4.83,4.89,5.08,4.658,4.772,4.857,4.57,4.68,4.82,4.1,6.79,48.9,60.8,78.4,61.7,55.1,50.3,43.6,51.3,52.5,55.5,54.8,95.6,83.9,47.3,37.2,46.4,41.8,51.7,70.0,111.9,59.935
86,1999-02,1999,2,1.8,1.1,1.0,93.7,5.25,4.9957,5.17,5.28,5.43,5.21,5.28,5.37,4.835,4.934,5.009,4.93,4.87,5.08,4.13,6.79,48.9,60.8,78.6,62.2,55.4,50.5,43.7,51.3,52.3,55.5,54.9,94.8,83.8,47.3,37.4,46.4,42.0,51.7,69.7,110.9,59.905
87,1999-03,1999,3,1.8,1.1,1.2,94.0,5.0,4.9943,4.82,5.05,5.36,4.93,5.07,5.23,4.749,4.855,4.967,4.65,4.63,4.84,4.16,7.03,48.9,60.8,78.7,62.5,55.7,50.9,43.7,51.3,52.2,55.4,54.9,94.9,83.7,47.3,37.4,46.7,42.3,51.8,69.7,109.8,59.93
88,1999-04,1999,4,2.0,1.1,1.3,94.2,5.0,4.7771,4.78,5.12,5.41,4.86,5.12,5.34,4.601,4.665,4.728,4.62,4.6,4.73,4.09,6.71,48.9,60.8,78.6,62.8,55.8,51.1,43.7,51.2,52.5,55.6,54.7,95.6,83.7,47.4,37.5,47.2,42.4,51.7,69.7,110.0,60.045
89,1999-05,1999,5,2.0,1.1,1.3,94.4,4.75,4.5929,5.14,5.44,5.58,5.21,5.44,5.54,4.42,4.603,4.792,4.4,4.48,4.94,4.08,6.99,48.9,60.9,78.8,62.9,55.9,50.9,43.7,51.3,52.5,56.3,54.7,95.5,83.6,47.4,37.7,47.2,42.5,51.8,69.6,109.5,60.08
90,1999-06,1999,6,2.0,1.1,1.2,94.5,4.75,4.5957,5.1,5.48,5.63,5.22,5.47,5.63,4.622,4.877,5.147,4.41,4.56,4.99,4.03,7.35,48.9,61.4,78.8,62.9,56.1,51.3,43.7,51.5,52.5,56.2,54.7,95.1,83.5,47.8,37.7,47.2,42.6,51.8,69.4,109.6,60.135
91,1999-07,1999,7,1.9,1.2,1.3,94.7,4.75,4.6114,5.34,5.63,5.74,5.46,5.62,5.74,4.636,4.812,5.187,4.57,4.71,5.23,4.02,7.42,48.9,61.9,78.7,62.9,56.1,52.0,43.8,51.3,52.8,56.5,54.7,95.4,83.3,47.9,37.7,47.2,42.7,52.1,69.5,109.3,60.235
92,1999-08,1999,8,1.9,1.1,1.3,94.8,4.75,4.6229,5.37,5.57,5.68,5.4,5.56,5.69,4.834,5.081,5.377,4.51,4.68,5.15,4.03,7.8,49.5,62.4,78.8,62.9,56.5,52.5,43.8,51.8,54.2,56.8,55.0,95.4,83.2,48.6,38.0,47.2,43.0,52.6,69.3,107.7,60.46
93,1999-09,1999,9,1.9,1.3,1.6,95.1,4.75,4.5786,5.43,5.75,5.91,5.48,5.77,5.92,4.687,4.867,5.145,4.41,4.66,5.16,4.05,7.67,49.5,62.4,79.3,63.0,56.5,52.8,44.3,52.0,54.3,56.6,55.2,95.8,83.2,49.1,38.1,47.4,43.2,52.7,69.0,105.7,60.505
94,1999-10,1999,10,1.9,1.3,1.5,95.1,4.75,4.6057,5.99,6.28,6.36,6.03,6.28,6.38,4.85,5.202,5.725,4.5,4.87,5.69,4.05,7.9,49.6,62.8,79.6,62.9,56.8,53.0,44.4,52.2,54.4,56.7,55.4,95.8,82.6,49.1,38.0,47.4,43.3,52.7,68.8,104.7,60.51
95,1999-11,1999,11,1.8,1.3,1.5,95.0,5.0,4.7714,5.76,6.04,6.1,5.78,6.04,6.12,4.815,5.103,5.551,4.56,4.73,5.48,4.04,8.13,48.7,63.1,79.5,63.1,57.1,53.2,44.8,52.3,55.2,57.1,55.6,95.8,82.5,49.1,38.3,47.4,43.4,53.0,68.8,103.7,60.585
96,1999-12,1999,12,1.8,1.5,1.6,94.7,5.0,4.7586,5.85,6.18,6.23,5.86,6.19,6.25,4.93,5.285,5.773,4.63,4.85,5.63,4.01,8.13,48.7,63.1,79.6,63.1,57.1,53.5,45.0,52.7,55.2,57.2,55.6,95.8,82.5,49.3,38.4,47.4,43.5,53.0,69.1,103.2,60.65
97,2000-01,2000,1,1.4,1.3,1.5,94.6,5.0,4.77,6.07,6.45,6.27,6.04,6.44,6.36,5.076,5.393,5.91,4.73,5.05,5.75,4.02,8.34,48.9,63.1,79.3,64.1,57.2,53.3,45.0,52.8,55.2,57.2,55.6,95.8,82.5,49.3,38.4,47.4,43.5,53.2,69.0,102.4,60.66
98,2000-02,2000,2,1.8,1.4,1.6,95.0,5.25,4.9714,6.08,6.32,5.83,6.05,6.27,5.98,5.051,5.418,5.827,4.74,4.96,5.77,3.92,8.43,49.7,63.4,79.3,64.1,57.3,53.9,45.4,53.1,55.8,58.3,56.4,96.7,82.2,49.3,38.5,47.4,43.6,53.2,69.2,102.3,60.955
99,2000-03,2000,3,1.8,1.4,1.6,95.3,5.5,5.2486,6.01,6.16,5.84,6.06,6.12,5.96,5.277,5.563,5.941,5.1,5.27,5.95,3.8,8.24,49.8,63.4,79.1,64.2,57.5,53.8,45.5,53.3,55.8,58.6,56.3,96.4,82.5,49.3,38.6,47.7,43.7,53.4,68.6,101.3,60.94
100,2000-04,2000,4,1.5,1.4,1.5,95.3,5.5,5.2586,6.03,6.2,5.92,6.08,6.16,6.03,5.449,5.741,5.993,4.89,5.43,6.0,3.64,8.23,49.8,64.3,79.3,64.2,57.8,54.0,45.6,53.7,56.1,58.8,56.4,96.4,82.5,49.3,38.7,47.7,43.7,53.4,68.7,101.3,61.085
101,2000-05,2000,5,1.6,1.5,1.6,95.5,6.0,5.7529,6.19,6.19,5.63,6.26,6.13,5.94,5.751,6.008,6.325,5.2,5.67,6.25,3.81,8.5,50.5,64.3,78.4,64.3,58.1,54.3,45.8,53.3,56.0,59.4,56.7,96.4,82.4,49.4,38.8,47.7,44.0,53.7,68.6,101.4,61.175
102,2000-06,2000,6,1.6,1.6,1.8,95.8,6.0,5.75,6.01,6.06,5.61,6.06,6.01,5.9,5.551,5.837,6.085,5.46,5.53,6.07,3.77,8.34,50.6,64.3,78.6,64.3,58.1,54.7,45.8,53.8,56.2,59.4,56.8,96.4,82.2,50.3,38.8,47.8,43.8,53.8,68.6,101.4,61.285
103,2000-07,2000,7,1.8,1.6,1.8,95.9,6.0,5.7271,5.95,6.01,5.55,5.98,5.95,5.83,5.625,5.816,6.022,5.45,5.61,5.94,3.65,8.18,51.1,64.4,78.4,64.3,58.1,55.8,45.8,53.5,56.3,59.7,57.0,96.4,82.3,50.3,38.8,47.8,44.0,53.8,68.4,101.1,61.365
104,2000-08,2000,8,1.9,1.7,1.9,96.0,6.0,5.7514,5.88,5.92,5.51,5.9,5.86,5.79,5.622,5.766,5.917,5.39,5.58,5.9,3.67,8.08,51.2,64.4,78.5,64.4,58.9,56.9,45.9,53.8,56.2,60.1,57.0,96.4,81.8,50.3,38.8,47.8,44.0,53.9,68.5,101.1,61.495
105,2000-09,2000,9,1.8,1.6,1.8,96.2,6.0,5.7429,5.69,5.82,5.67,5.77,5.8,5.83,5.564,5.717,5.81,5.39,5.56,5.81,3.6,8.08,51.1,64.1,78.1,64.4,59.3,58.5,45.9,54.0,56.3,60.5,57.4,96.4,80.9,50.3,38.8,47.8,44.0,53.5,68.5,101.3,61.555
106,2000-10,2000,10,1.8,1.7,1.9,96.3,6.0,5.7514,5.69,5.8,5.61,5.75,5.78,5.79,5.619,5.741,5.817,5.39,5.61,5.79,3.52,8.08,51.1,64.5,78.5,64.4,59.5,59.2,46.0,54.0,56.3,60.4,57.3,96.4,81.5,50.3,38.8,47.8,44.1,53.5,68.5,100.8,61.645
107,2000-11,2000,11,2.0,1.8,2.0,96.4,6.0,5.75,5.64,5.62,5.51,5.67,5.59,5.63,5.736,5.875,5.974,5.49,5.62,5.8,3.51,8.04,51.1,65.3,78.0,64.5,59.8,60.7,46.4,54.1,56.5,60.5,57.3,96.4,81.2,50.5,38.8,47.8,44.1,53.5,68.5,101.9,61.845
108,2000-12,2000,12,2.1,1.9,2.1,96.4,6.0,5.8,5.27,5.34,5.56,5.29,5.35,5.59,5.557,5.579,5.558,5.45,5.49,5.41,3.42,7.81,51.1,65.3,78.3,64.5,59.8,61.6,46.5,53.8,56.3,60.8,57.3,96.4,80.9,50.5,38.8,48.0,44.1,53.5,68.1,102.4,61.9
109,2001-01,2001,1,2.3,2.0,2.2,96.3,5.75,5.4914,4.88,5.2,5.72,4.91,5.33,5.71,5.142,5.045,4.963,5.17,5.11,4.9,3.36,7.58,51.1,65.7,78.3,65.1,60.2,62.4,46.7,53.8,56.7,60.9,57.3,96.4,80.9,50.5,39.0,48.0,44.2,53.5,68.1,102.1,62.045
110,2001-02,2001,2,2.3,2.1,2.2,96.6,5.75,5.49,4.81,5.14,5.66,4.83,5.27,5.63,4.804,4.737,4.718,5.04,4.87,4.79,3.39,7.52,51.1,65.7,77.6,65.5,60.8,62.9,46.7,54.1,57.1,60.3,57.6,96.4,80.8,50.5,39.0,48.0,44.3,53.5,68.3,102.6,62.14
111,2001-03,2001,3,2.3,2.2,2.2,97.0,5.25,4.9927,4.69,5.3,5.79,4.66,5.28,5.74,4.604,4.576,4.578,4.7,4.58,4.52,3.45,7.19,51.1,65.7,77.8,65.5,61.0,63.2,47.1,54.1,57.4,60.4,57.8,96.3,80.9,51.1,39.0,48.8,44.4,53.6,68.5,102.8,62.325
112,2001-04,2001,4,2.4,2.2,2.4,97.4,5.0,4.7442,4.76,5.52,5.97,4.71,5.51,5.94,4.41,4.363,4.432,4.56,4.43,4.45,3.61,7.22,51.1,65.7,77.8,65.5,61.2,63.6,47.3,54.3,57.4,60.7,58.6,96.4,80.8,51.1,40.0,48.8,44.4,53.9,68.6,102.8,62.5
113,2001-05,2001,5,2.4,2.2,2.4,97.7,4.75,4.67,4.99,5.86,6.03,4.93,5.84,6.08,4.401,4.453,4.597,4.32,4.34,4.55,3.58,7.38,51.3,65.8,78.7,65.5,61.5,64.1,47.3,54.6,57.8,60.9,58.6,96.4,80.6,51.1,40.0,48.8,44.4,53.9,68.7,102.9,62.645
114,2001-06,2001,6,2.5,2.2,2.4,97.9,4.75,4.4935,4.87,5.63,5.89,4.9,5.63,5.97,4.242,4.289,4.392,4.28,4.3,4.47,3.53,7.47,51.0,65.8,78.5,66.6,61.8,64.1,47.6,55.0,58.1,61.6,58.7,96.4,80.9,51.1,40.0,49.0,44.8,54.1,68.8,102.9,62.84
115,2001-07,2001,7,2.5,2.3,2.5,98.2,4.5,4.2414,4.73,5.64,5.94,4.75,5.64,6.01,4.029,4.058,4.209,4.08,4.07,4.28,3.66,7.46,52.5,65.8,78.8,66.6,61.8,64.5,47.6,55.3,58.1,62.0,58.6,96.4,80.9,51.1,40.0,49.0,45.0,54.5,69.4,103.1,63.05
116,2001-08,2001,8,2.5,2.2,2.4,98.2,4.25,4.1679,4.26,5.23,5.67,4.27,5.23,5.72,3.805,3.838,3.901,3.81,3.8,3.84,3.68,7.39,52.5,66.4,78.8,66.5,61.9,64.6,47.8,55.2,58.4,62.1,58.8,96.4,81.0,51.1,40.0,49.0,45.0,54.7,69.6,103.1,63.145
117,2001-09,2001,9,2.5,2.3,2.3,98.4,3.75,3.4858,3.38,5.0,5.86,3.59,5.08,5.86,3.039,2.975,2.989,3.14,3.05,2.97,3.68,7.03,52.5,66.4,78.9,66.7,62.3,64.6,47.8,55.7,58.6,62.3,58.9,96.4,81.4,51.2,40.0,49.0,45.2,54.8,70.0,102.9,63.28
118,2001-10,2001,10,2.5,2.2,2.2,98.4,3.0,2.7412,2.92,4.54,5.31,2.88,4.61,5.32,2.54,2.532,2.627,2.4,2.34,2.3,3.6,6.74,52.5,66.8,79.1,66.2,62.4,65.1,47.8,56.1,58.5,62.7,59.1,96.4,81.3,51.2,40.0,49.0,45.2,54.9,70.3,103.1,63.385
119,2001-11,2001,11,2.3,2.0,1.9,98.1,2.5,2.5955,3.37,5.1,5.59,3.29,5.15,5.66,2.207,2.309,2.543,2.14,2.07,2.48,3.68,6.51,52.5,67.1,79.1,66.2,62.6,65.2,48.0,55.5,58.4,62.0,59.6,96.4,81.2,51.5,40.0,49.0,45.6,55.2,70.6,103.2,63.445
120,2001-12,2001,12,2.4,2.0,1.9,98.0,2.5,2.2444,3.21,5.13,5.69,3.28,5.25,5.75,1.996,2.059,2.349,1.98,1.95,2.2,3.76,6.64,52.5,67.1,79.2,66.2,62.6,66.0,48.1,55.7,58.5,62.3,59.4,96.4,81.8,51.5,40.0,49.2,45.7,55.4,70.6,103.2,63.57
121,2002-01,2002,1,2.3,2.1,2.0,98.1,2.25,1.9923,3.25,5.11,5.68,3.33,5.23,5.72,1.966,2.122,2.446,1.93,1.96,2.44,3.73,6.62,52.2,67.6,79.2,66.8,62.8,67.1,48.2,55.9,59.1,62.7,60.3,96.4,81.6,51.6,40.0,49.2,46.0,55.8,70.8,103.2,63.825
122,2002-02,2002,2,2.3,2.0,2.0,98.8,2.25,1.9926,3.23,5.0,5.69,3.34,5.1,5.68,2.07,2.224,2.639,1.95,2.05,2.57,3.73,6.59,52.9,67.6,79.3,67.3,63.0,67.5,48.9,56.4,58.7,62.8,60.3,96.4,81.6,51.7,40.3,49.2,46.2,56.9,71.0,103.6,64.08
123,2002-03,2002,3,2.3,2.0,2.0,99.2,2.25,1.9933,4.5,5.58,5.98,4.23,5.65,6.0,2.343,2.725,3.483,1.96,2.3,3.42,3.68,6.8,53.1,67.6,79.3,67.7,63.5,68.0,49.0,56.2,58.5,62.9,60.1,96.4,80.9,52.0,40.3,49.6,46.9,57.7,71.4,103.6,64.235
124,2002-04,2002,4,2.4,2.0,2.1,99.6,2.5,2.244,4.21,5.35,5.92,3.92,5.45,5.89,2.41,2.72,3.367,2.18,2.37,3.32,3.63,7.0,52.9,68.4,79.3,68.2,64.4,70.0,49.3,56.9,59.2,63.1,60.5,96.4,81.4,52.2,40.3,49.6,47.1,58.1,71.7,103.4,64.62
125,2002-05,2002,5,2.2,2.0,2.0,99.8,2.5,2.2471,4.15,5.21,5.78,3.92,5.3,5.76,2.622,2.908,3.531,2.39,2.6,3.41,3.54,7.0,53.4,68.5,81.0,68.5,64.8,70.6,49.7,57.6,59.3,64.9,60.3,96.3,81.6,52.2,40.3,49.6,47.6,58.9,71.9,108.5,65.275
126,2002-06,2002,6,2.2,2.1,1.9,100.0,2.75,2.4964,3.84,5.0,5.74,3.76,5.19,5.73,2.738,2.979,3.381,2.5,2.7,3.2,3.42,6.98,53.7,68.5,80.8,68.8,64.9,70.8,49.7,58.1,59.5,65.9,60.8,96.3,80.9,52.5,40.3,49.6,47.8,59.5,71.9,108.8,65.455
127,2002-07,2002,7,2.2,2.0,1.9,100.3,3.0,2.7418,3.32,4.75,5.73,3.31,5.0,5.7,2.849,2.975,3.164,2.6,2.81,3.07,3.45,6.9,53.9,68.7,80.7,68.8,64.9,70.7,49.9,58.4,59.5,65.9,60.6,96.3,81.2,52.6,41.0,49.6,47.9,59.8,71.9,109.6,65.595
128,2002-08,2002,8,2.3,2.2,2.1,100.7,3.0,2.7448,3.53,4.84,5.58,3.5,4.88,5.55,2.996,3.143,3.353,2.72,2.96,3.27,3.4,6.61,54.0,68.7,81.0,69.8,65.5,71.4,50.2,58.7,60.0,66.2,60.8,96.4,81.5,52.6,41.2,49.6,48.2,60.0,71.9,109.6,65.865
129,2002-09,2002,9,2.2,2.2,2.1,100.9,3.0,2.7447,3.48,4.59,5.43,3.42,4.7,5.38,2.826,2.917,3.074,2.61,2.83,3.12,3.25,6.49,54.7,68.8,81.0,70.3,65.9,71.4,50.3,59.1,59.4,65.8,61.1,96.4,82.1,53.3,41.2,49.6,48.3,60.3,72.0,109.6,66.03
130,2002-10,2002,10,2.0,2.1,2.1,100.9,3.0,2.7449,3.39,4.76,5.63,3.3,4.9,5.61,2.805,2.931,3.197,2.66,2.73,2.96,3.45,6.5,54.9,68.8,81.0,71.2,66.2,72.5,50.8,60.7,60.1,66.2,62.0,96.4,81.9,53.3,41.3,49.6,48.4,60.4,72.6,111.1,66.47
131,2002-11,2002,11,2.3,2.2,2.3,101.2,3.0,2.7431,3.47,4.79,5.58,3.37,4.91,5.55,2.734,2.818,2.956,2.69,2.71,3.0,3.43,6.47,54.7,69.2,81.0,72.3,67.9,72.5,51.3,61.3,59.9,66.6,62.0,96.4,81.9,53.6,41.7,49.6,48.6,61.3,72.8,111.3,66.795
132,2002-12,2002,12,2.1,2.2,2.2,100.7,3.0,2.7439,3.18,4.47,5.42,3.23,4.6,5.37,2.669,2.785,2.893,2.58,2.63,2.91,3.33,6.39,54.9,69.2,81.0,72.3,67.9,72.5,51.4,61.5,60.7,66.7,62.2,96.4,82.2,53.6,41.7,49.6,49.1,61.4,72.8,111.6,66.935
133,2003-01,2003,1,2.3,2.2,2.2,101.3,3.0,2.7439,3.51,4.62,5.49,3.55,4.76,5.45,2.813,3.0,3.244,2.7,2.83,3.29,3.22,6.26,55.1,69.9,82.1,73.5,68.7,72.5,51.4,61.5,61.6,66.6,62.4,96.4,82.2,53.6,41.7,49.7,49.2,61.8,73.2,111.6,67.235
134,2003-02,2003,2,2.2,2.4,2.3,101.9,3.0,2.7469,3.45,4.54,5.46,3.48,4.66,5.39,2.861,3.028,3.283,2.68,2.88,3.31,3.06,6.29,55.4,69.9,82.0,74.6,69.7,72.8,51.9,61.5,61.4,67.4,63.0,96.4,82.5,54.0,42.2,49.7,49.4,62.3,74.2,111.6,67.595
135,2003-03,2003,3,2.2,2.4,2.2,102.0,3.25,2.992,3.84,4.79,5.58,3.85,4.9,5.52,3.142,3.371,3.658,2.89,3.14,3.63,3.08,6.33,55.4,69.9,82.0,74.8,69.0,72.6,52.0,62.2,61.3,67.4,64.0,96.4,82.1,54.2,42.3,50.5,49.7,62.4,74.5,112.8,67.775
136,2003-04,2003,4,1.9,2.2,2.0,101.6,3.5,3.2373,3.65,4.53,5.41,3.6,4.64,5.34,3.241,3.365,3.554,3.05,3.19,3.5,3.13,6.44,55.8,71.5,82.0,75.8,69.1,72.7,52.3,62.5,61.8,67.3,64.7,96.4,82.2,54.2,42.3,50.8,49.9,62.4,74.8,114.2,68.135
137,2003-05,2003,5,1.9,2.2,1.9,102.1,3.5,3.2416,3.17,4.09,5.12,3.2,4.21,5.01,3.197,3.315,3.431,3.19,3.16,3.18,3.0,6.1,55.9,71.8,82.8,76.0,69.2,72.8,53.0,62.8,62.9,67.4,64.8,96.4,82.2,54.2,42.3,50.8,50.0,62.4,75.4,114.7,68.39
138,2003-06,2003,6,1.9,2.0,1.9,102.0,3.5,3.2449,3.05,3.92,5.03,3.05,4.16,4.98,3.127,3.077,2.969,3.1,3.07,2.82,2.99,5.62,56.1,71.8,82.8,76.0,69.5,73.2,53.2,62.8,63.7,67.3,64.8,96.4,82.1,54.6,42.8,51.2,50.3,62.5,75.4,115.6,68.605
139,2003-07,2003,7,1.8,2.1,1.8,102.1,3.25,2.9947,2.85,4.23,5.4,2.87,4.52,5.35,2.808,2.715,2.69,2.89,2.81,2.73,3.15,5.71,56.1,71.8,82.9,76.0,69.5,73.2,53.6,63.7,63.8,67.9,65.0,96.4,81.9,54.6,43.2,51.2,50.4,62.5,75.5,117.1,68.815
140,2003-08,2003,8,1.8,2.0,1.7,102.2,3.25,2.9972,3.18,4.41,5.44,3.17,4.67,5.4,2.7,2.741,2.853,2.75,2.71,2.91,3.15,5.87,56.4,71.8,83.5,77.2,70.2,73.3,54.1,64.0,64.5,68.2,65.0,96.4,82.2,54.6,43.6,51.8,50.5,62.6,75.4,117.8,69.155
141,2003-09,2003,9,1.9,1.9,1.8,102.6,3.0,2.749,3.02,4.27,5.23,2.95,4.4,5.19,2.597,2.592,2.671,2.6,2.58,2.63,3.08,5.97,57.3,71.8,83.5,78.3,70.8,73.9,54.3,63.8,64.5,68.3,65.1,96.4,82.3,55.0,43.8,52.4,50.8,63.7,75.5,119.0,69.525
142,2003-10,2003,10,1.9,2.0,1.7,102.7,3.0,2.7492,3.14,4.48,5.38,3.06,4.61,5.33,2.651,2.699,2.833,2.64,2.64,2.71,3.0,5.83,57.2,71.8,83.5,78.4,71.4,74.6,54.5,64.1,64.8,68.3,65.1,96.4,82.6,55.0,44.3,52.4,51.4,64.3,76.0,119.1,69.76
143,2003-11,2003,11,1.7,1.9,1.7,103.0,3.0,2.7481,3.18,4.45,5.29,3.1,4.57,5.24,2.714,2.773,2.933,2.68,2.67,2.81,2.91,6.02,57.2,71.8,83.5,79.3,71.9,75.1,55.3,64.5,66.1,68.5,65.8,96.4,82.7,55.2,44.3,52.4,51.7,64.4,76.5,120.1,70.135
144,2003-12,2003,12,1.9,2.0,1.7,102.8,3.0,2.7481,2.96,4.3,5.2,3.02,4.42,5.14,2.59,2.585,2.632,2.59,2.57,2.62,2.79,6.0,57.5,72.6,83.5,79.3,72.0,75.3,55.4,64.4,66.0,69.6,66.6,96.4,82.7,55.8,44.7,52.4,52.4,64.4,76.6,120.4,70.4
145,2004-01,2004,1,1.6,1.8,1.7,102.8,2.75,2.4951,2.64,4.17,5.23,2.71,4.31,5.15,2.26,2.258,2.249,2.29,2.25,2.29,2.57,5.78,57.4,72.6,83.5,79.7,72.2,75.6,55.5,64.6,66.3,69.9,66.4,96.4,82.6,55.8,44.7,52.4,52.4,64.6,77.9,120.5,70.55
146,2004-02,2004,2,1.6,1.6,1.6,103.0,2.75,2.4953,2.39,3.94,5.09,2.46,4.08,4.98,2.133,2.142,2.172,2.17,2.13,2.17,2.56,5.51,57.6,72.6,83.7,79.9,72.7,76.4,55.9,65.3,66.3,69.9,67.8,96.4,83.9,55.8,45.3,52.4,52.5,64.4,78.1,120.7,70.88
147,2004-03,2004,3,1.7,1.5,1.4,103.3,2.5,2.2482,2.43,3.83,5.04,2.34,3.98,4.94,1.99,1.976,2.006,1.99,1.98,2.0,2.39,5.31,57.8,72.6,83.7,79.9,73.2,77.1,56.1,64.9,66.1,69.8,68.0,96.4,83.9,56.8,45.6,52.8,52.6,64.6,78.7,122.7,71.165
148,2004-04,2004,4,1.9,1.6,1.6,103.5,2.25,1.9959,2.84,4.26,5.31,2.69,4.4,5.23,1.944,2.005,2.23,1.87,1.95,2.24,2.46,5.56,58.1,72.6,83.7,80.3,74.0,77.7,56.7,65.5,67.1,71.2,68.0,96.4,83.4,57.1,46.1,52.8,52.9,64.9,79.2,124.2,71.595
149,2004-05,2004,5,1.8,1.6,1.6,103.7,2.25,1.9985,3.08,4.38,5.32,2.91,4.49,5.23,2.018,2.141,2.47,1.94,1.98,2.45,2.32,5.82,58.9,73.2,84.0,81.1,74.4,78.0,57.7,66.7,66.1,71.2,68.1,96.4,84.3,57.5,46.4,52.8,53.2,65.2,79.9,125.5,72.03
150,2004-06,2004,6,1.9,1.6,1.6,103.8,2.25,2.0005,3.22,4.46,5.33,3.18,4.65,5.3,2.042,2.2,2.701,1.94,2.01,2.61,2.37,6.06,59.4,73.2,84.4,81.1,74.5,78.8,58.1,67.2,68.1,71.7,68.5,96.4,84.0,59.3,46.9,54.1,53.4,65.8,80.1,126.4,72.57
151,2004-07,2004,7,1.8,1.6,1.7,104.0,2.25,1.9973,3.25,4.45,5.29,3.2,4.64,5.29,2.084,2.278,2.726,1.93,2.08,2.72,2.31,6.1,59.8,73.2,84.2,81.1,74.5,78.8,58.2,67.5,68.9,71.5,68.6,96.5,84.3,59.3,47.0,54.1,53.6,66.0,80.2,126.9,72.71
152,2004-08,2004,8,1.8,1.6,1.7,103.8,2.25,1.9979,3.03,4.4,5.15,3.01,4.43,5.14,2.14,2.359,2.706,1.91,2.13,2.67,2.22,5.97,60.4,73.2,85.2,81.4,75.3,79.2,58.5,67.4,68.9,71.5,68.7,96.8,84.5,59.3,47.2,54.1,53.8,66.0,80.8,128.2,73.02
153,2004-09,2004,9,1.7,1.7,1.6,104.2,2.5,2.2496,3.28,4.3,5.04,3.22,4.38,5.02,2.412,2.568,2.866,2.29,2.45,2.86,2.32,5.94,60.7,73.2,85.2,81.4,75.9,79.2,58.6,68.1,69.9,72.0,68.9,97.0,84.7,59.6,47.8,56.4,54.0,66.2,81.0,128.7,73.425
154,2004-10,2004,10,1.8,1.7,1.7,104.2,2.75,2.496,3.23,4.23,5.0,3.18,4.32,4.96,2.583,2.685,2.889,2.4,2.57,2.89,2.28,5.95,60.7,73.2,85.3,81.9,76.2,79.8,58.7,68.4,70.2,72.8,69.1,97.0,84.7,59.6,48.0,56.4,54.2,66.8,81.1,128.2,73.615
155,2004-11,2004,11,1.9,1.9,1.9,104.6,2.75,2.4977,3.17,4.14,4.9,3.13,4.22,4.87,2.556,2.615,2.739,2.43,2.63,2.91,2.17,5.87,61.2,73.2,86.4,82.4,76.7,79.8,58.9,69.6,70.7,73.9,69.3,97.0,85.0,59.6,48.0,56.4,54.1,66.9,81.7,128.2,73.95
156,2004-12,2004,12,1.9,1.9,1.9,104.6,2.75,2.4999,3.05,4.08,4.92,3.06,4.16,4.86,2.477,2.582,2.749,2.3,2.47,2.76,2.11,5.69,61.2,73.2,86.4,82.4,76.7,80.2,59.0,69.5,72.4,74.0,69.9,97.0,85.0,60.1,48.0,56.5,54.2,67.0,81.8,129.1,74.18
157,2005-01,2005,1,1.9,1.8,1.7,104.5,2.75,2.498,2.81,3.87,4.74,2.83,3.96,4.69,2.437,2.523,2.661,2.33,2.43,2.61,2.03,5.6,61.7,73.2,87.0,82.8,77.1,80.7,59.1,69.8,73.0,73.9,70.3,97.4,85.0,61.1,48.0,56.5,54.3,67.0,81.7,129.3,74.445
158,2005-02,2005,2,1.9,1.8,1.7,104.8,2.75,2.4971,2.94,3.96,4.76,2.97,4.04,4.71,2.464,2.558,2.766,2.24,2.46,2.77,2.07,5.59,62.0,73.2,88.0,83.2,77.4,80.9,59.2,70.1,72.5,74.2,70.5,97.8,85.1,61.1,49.3,56.5,54.6,67.7,81.8,131.0,74.805
159,2005-03,2005,3,1.9,2.0,1.9,105.2,2.75,2.4794,3.36,4.12,4.77,3.25,4.19,4.75,2.546,2.704,3.035,2.45,2.56,3.04,2.08,5.6,62.1,73.2,88.0,83.2,78.0,81.2,59.5,70.2,73.0,74.5,70.9,97.0,84.8,61.6,49.3,57.8,54.9,68.1,81.8,132.1,75.06
160,2005-04,2005,4,2.0,1.8,1.8,105.2,2.75,2.4954,3.07,3.84,4.59,2.97,3.92,4.55,2.461,2.549,2.769,2.38,2.45,2.82,1.92,5.67,62.0,73.2,88.0,83.7,78.2,81.1,60.0,71.0,71.3,74.4,72.3,97.0,84.7,61.6,49.3,57.8,55.2,68.2,82.2,132.0,75.16
161,2005-05,2005,5,1.9,1.8,1.8,105.4,2.75,2.4866,3.0,3.74,4.46,2.91,3.81,4.41,2.451,2.549,2.743,2.39,2.46,2.81,1.86,5.55,63.0,73.2,87.6,84.0,78.2,81.5,60.3,71.9,71.7,75.0,73.2,97.8,85.4,61.7,49.9,57.9,55.5,68.4,82.9,131.5,75.53
162,2005-06,2005,6,2.0,1.9,1.8,105.4,2.75,2.4936,2.86,3.49,4.29,2.83,3.65,4.27,2.473,2.566,2.744,2.33,2.48,2.74,1.87,5.31,63.0,73.2,88.0,84.0,78.4,81.8,60.2,71.8,72.0,75.1,73.2,98.0,85.2,63.2,49.9,57.7,56.2,69.3,82.9,132.3,75.77
163,2005-07,2005,7,2.0,1.8,1.7,105.4,2.75,2.4922,3.04,3.63,4.31,3.02,3.77,4.31,2.581,2.714,2.914,2.36,2.59,2.96,1.93,5.26,63.0,73.3,88.2,84.0,78.4,82.9,60.2,72.3,71.8,75.1,73.1,98.0,85.8,63.2,49.9,57.7,56.2,69.7,83.2,132.5,75.925
164,2005-08,2005,8,2.1,1.8,1.7,105.6,2.75,2.4882,2.97,3.57,4.12,2.97,3.59,4.11,2.758,2.897,3.151,2.52,2.72,2.94,1.73,5.32,63.1,76.7,88.4,84.6,78.6,82.9,60.4,71.8,71.9,75.8,73.1,98.0,85.7,63.5,49.9,57.7,56.5,70.0,83.1,136.8,76.425
165,2005-09,2005,9,2.1,1.8,1.8,105.9,3.0,2.7421,3.3,3.74,4.21,3.28,3.79,4.21,2.813,2.935,3.093,2.69,2.86,3.24,1.64,5.3,63.6,77.9,89.0,84.6,79.1,83.2,60.6,72.0,72.3,75.7,73.3,98.0,86.1,63.7,49.9,58.8,57.9,70.7,83.5,137.6,76.875
166,2005-10,2005,10,1.9,1.9,1.8,105.9,3.25,2.9873,3.6,3.99,4.37,3.58,4.04,4.38,3.025,3.234,3.437,2.87,3.06,3.53,1.7,5.39,64.0,77.9,89.0,85.3,79.3,84.0,61.0,72.5,73.0,76.0,73.3,97.9,86.2,63.8,50.3,58.8,60.6,71.2,83.5,137.6,77.26
167,2005-11,2005,11,1.9,1.8,1.7,106.4,3.25,2.9883,3.77,3.94,4.18,3.77,3.98,4.2,3.304,3.533,3.774,3.06,3.31,3.8,1.65,5.56,64.0,77.9,89.2,85.9,79.5,83.6,61.0,72.2,73.9,76.9,73.7,97.9,86.4,63.9,50.3,58.8,62.9,71.7,83.6,138.1,77.57
168,2005-12,2005,12,1.9,1.7,1.6,106.2,3.5,3.2437,3.8,3.87,4.02,3.8,3.89,4.04,3.395,3.648,3.93,3.06,3.37,3.87,1.44,5.6,64.1,77.9,89.2,85.9,79.4,83.6,61.0,73.0,74.0,76.7,74.3,97.6,85.9,64.5,50.3,58.8,66.4,72.8,84.0,136.0,77.77
169,2006-01,2006,1,2.1,1.8,1.8,106.2,3.75,3.2961,3.83,4.03,4.2,3.83,4.05,4.22,3.49,3.67,3.849,3.34,3.47,3.86,1.54,5.65,64.1,77.9,90.2,86.2,79.7,83.8,61.6,73.8,74.0,77.4,75.6,98.2,85.9,64.6,52.4,58.8,68.0,75.0,85.6,135.6,78.42
170,2006-02,2006,2,2.0,1.8,1.7,106.6,3.75,3.4765,3.91,4.05,4.15,3.92,4.07,4.17,3.712,3.865,4.013,3.46,3.72,4.0,1.44,5.75,64.4,77.9,90.3,86.8,80.1,83.8,61.7,73.7,74.4,78.0,76.1,98.2,86.4,65.0,52.4,58.8,70.0,76.0,86.9,135.6,78.825
171,2006-03,2006,3,1.9,1.9,1.8,107.0,4.0,3.7269,3.98,4.19,4.23,4.0,4.2,4.26,3.788,3.891,3.99,3.64,3.86,4.06,1.59,5.78,64.3,77.9,91.0,86.8,80.3,83.9,61.9,74.4,74.4,78.8,76.2,98.2,86.2,65.5,52.4,61.8,74.3,77.4,87.3,136.6,79.48
172,2006-04,2006,4,1.8,1.9,1.7,106.9,4.25,3.8182,4.19,4.45,4.57,4.19,4.47,4.59,3.974,4.08,4.184,3.89,4.03,4.24,1.79,5.88,64.3,77.9,91.0,86.8,81.1,84.3,62.3,74.7,75.0,78.4,76.8,96.4,86.8,65.7,52.7,61.8,78.8,79.7,88.4,136.3,79.96
173,2006-05,2006,5,1.9,2.0,1.9,107.5,4.5,4.2126,4.18,4.39,4.5,4.22,4.4,4.51,4.175,4.203,4.278,4.13,4.18,4.33,1.83,6.05,64.5,77.9,91.3,87.1,81.4,84.9,62.5,74.5,75.9,78.6,76.1,96.8,86.6,66.6,52.8,61.8,82.2,83.5,88.8,134.3,80.405
174,2006-06,2006,6,1.7,1.9,1.7,107.2,4.5,4.2455,4.45,4.58,4.67,4.49,4.61,4.69,4.3,4.441,4.553,4.09,4.32,4.58,1.9,6.12,64.5,78.0,91.1,87.2,81.6,84.8,62.8,75.3,76.4,78.7,76.0,97.3,86.3,67.0,53.6,62.9,87.3,88.0,89.0,134.6,81.12
175,2006-07,2006,7,1.9,2.0,2.0,107.0,4.5,4.2442,4.15,4.31,4.45,4.2,4.35,4.46,4.157,4.244,4.339,4.02,4.15,4.35,1.8,6.26,66.5,78.3,91.6,87.2,81.6,85.6,63.1,76.9,76.6,78.3,76.1,97.9,86.3,67.5,54.5,63.7,90.5,89.1,89.8,132.5,81.68
176,2006-08,2006,8,2.0,2.0,2.2,107.2,4.5,4.2427,4.02,4.06,4.2,4.04,4.07,4.22,4.129,4.2,4.271,4.15,4.13,4.22,1.61,6.24,66.4,78.3,91.5,87.2,82.2,86.2,63.5,77.2,77.0,78.3,77.7,97.9,86.7,67.7,54.5,63.7,93.9,93.2,92.9,133.6,82.48
177,2006-09,2006,9,2.1,2.1,2.3,107.7,4.5,4.2465,3.89,3.92,4.07,3.91,3.94,4.08,4.165,4.163,4.172,4.12,4.15,4.1,1.66,6.13,66.1,78.3,91.6,87.2,82.3,86.3,63.5,77.2,77.1,78.3,78.8,97.9,86.7,68.3,54.5,65.1,94.3,95.9,93.8,133.7,82.845
178,2006-10,2006,10,2.2,2.1,2.4,107.8,4.5,4.2335,4.08,4.11,4.24,4.1,4.13,4.25,4.169,4.183,4.172,4.12,4.16,4.22,1.78,6.01,66.1,78.3,91.6,87.3,82.6,86.4,63.5,77.5,76.9,78.4,78.8,97.2,87.1,68.6,54.6,65.1,93.6,97.7,94.4,132.4,82.905
179,2006-11,2006,11,2.3,2.2,2.5,108.0,4.5,4.2476,3.9,3.87,4.02,3.92,3.9,4.03,4.177,4.167,4.105,4.14,4.18,4.12,1.63,5.99,66.6,78.8,91.5,87.3,83.0,86.8,63.7,77.9,78.2,78.7,77.9,96.1,87.6,68.7,55.9,65.1,93.9,99.3,94.5,132.4,83.195
180,2006-12,2006,12,2.1,2.2,2.5,107.8,4.5,4.2482,3.98,3.98,4.1,3.98,4.01,4.11,4.161,4.172,4.147,4.09,4.16,4.15,1.73,5.89,66.7,78.8,91.4,87.3,83.0,86.8,63.7,78.0,78.1,79.3,78.6,95.8,87.3,69.1,57.3,67.3,92.4,99.5,94.5,131.7,83.33
181,2007-01,2007,1,2.1,2.2,2.5,108.0,4.5,4.2447,4.1,4.12,4.22,4.1,4.14,4.23,4.156,4.182,4.19,4.15,4.17,4.21,1.79,5.91,66.7,78.8,91.5,87.3,83.5,86.6,63.8,78.3,78.2,79.2,79.0,95.8,86.9,69.4,57.3,67.3,93.4,101.1,94.5,131.5,83.505
182,2007-02,2007,2,2.4,2.5,2.8,108.5,4.5,4.2504,3.97,3.98,4.09,3.97,3.99,4.1,4.184,4.213,4.233,4.2,4.19,4.19,1.75,6.0,66.7,78.8,90.9,88.3,84.4,86.6,63.9,78.8,78.3,78.7,78.7,94.7,88.7,70.0,60.5,67.3,93.5,104.0,94.5,130.8,83.905
183,2007-03,2007,3,2.4,2.4,2.8,108.9,4.5,4.2432,3.96,4.03,4.21,4.01,4.05,4.21,4.173,4.195,4.17,4.15,4.16,4.18,1.77,5.91,66.9,78.8,90.9,88.4,84.5,86.8,63.7,79.1,80.0,77.9,78.7,95.6,88.6,70.6,61.7,76.5,93.8,104.0,95.8,132.0,84.715
184,2007-04,2007,4,2.5,2.5,2.8,109.0,4.5,4.2471,4.13,4.12,4.2,4.17,4.13,4.21,4.168,4.24,4.295,4.11,4.16,4.31,1.76,5.92,66.9,80.1,90.8,88.4,84.5,86.8,63.7,79.6,80.0,78.5,78.8,95.6,89.7,70.8,62.2,77.5,95.6,107.0,97.2,130.8,85.225
185,2007-05,2007,5,2.4,2.5,2.8,109.3,4.5,4.2352,4.56,4.5,4.39,4.56,4.49,4.43,4.286,4.433,4.559,4.17,4.29,4.56,2.02,6.01,67.7,84.1,91.3,88.6,85.0,86.9,64.1,79.1,79.9,78.9,79.4,95.2,90.8,71.5,65.3,87.8,96.6,111.1,99.1,124.6,86.35
186,2007-06,2007,6,2.5,2.7,2.9,109.3,4.5,4.2536,4.64,4.63,4.56,4.66,4.63,4.59,4.418,4.563,4.745,4.14,4.42,4.73,2.15,6.51,67.7,84.1,91.3,88.6,85.2,87.0,64.6,79.5,79.9,79.3,80.2,93.7,90.7,71.9,66.7,95.4,97.0,111.1,100.2,125.4,86.975
187,2007-07,2007,7,2.4,2.5,2.7,109.4,4.75,4.504,4.69,4.59,4.49,4.71,4.59,4.52,4.562,4.685,4.78,4.29,4.57,4.79,2.09,6.6,68.4,84.1,91.5,88.6,85.2,87.0,64.8,79.8,80.2,79.4,80.7,92.9,90.2,72.1,67.8,98.8,97.1,116.7,100.4,124.5,87.51
188,2007-08,2007,8,2.3,2.5,2.5,109.5,4.75,4.4158,4.23,4.33,4.44,4.28,4.35,4.44,4.009,4.067,4.061,3.9,3.83,4.25,2.15,6.62,69.5,84.3,91.6,89.1,86.3,87.1,65.3,78.9,81.3,79.8,80.7,93.8,90.6,73.3,72.3,100.5,97.0,117.2,100.4,124.5,88.175
189,2007-09,2007,9,2.2,2.7,2.5,109.9,4.75,4.4637,4.16,4.34,4.5,4.22,4.36,4.5,4.105,4.3,4.392,3.9,3.97,4.29,2.15,6.61,70.6,84.5,91.7,89.1,86.7,87.3,65.5,79.2,81.3,79.8,81.3,93.4,91.7,74.1,72.6,100.3,97.6,117.2,100.4,124.1,88.42
190,2007-10,2007,10,2.0,2.5,2.4,109.7,4.75,4.5086,4.17,4.24,4.38,4.22,4.27,4.39,3.968,4.246,4.305,4.03,3.96,4.33,2.05,6.69,71.1,84.5,92.0,89.1,86.7,87.3,65.6,79.3,81.4,79.5,81.1,93.4,92.1,74.1,72.6,100.9,97.0,117.2,100.7,124.8,88.52
191,2007-11,2007,11,1.9,2.3,2.2,109.7,4.75,4.5105,3.76,3.97,4.23,3.84,4.0,4.22,3.92,3.94,3.891,3.88,3.91,3.95,2.14,6.73,71.8,87.3,92.0,89.6,87.1,87.3,66.4,79.6,80.8,79.5,81.5,93.4,93.2,74.6,73.5,100.9,96.8,117.2,101.0,125.9,88.97
192,2007-12,2007,12,1.9,2.4,2.2,109.4,4.5,4.2597,3.87,4.02,4.18,3.91,4.04,4.18,3.862,4.003,3.997,3.68,3.86,4.01,1.99,6.75,72.6,87.3,92.2,89.6,87.1,87.3,66.5,79.5,81.1,79.6,81.5,94.0,93.3,74.7,73.5,101.6,96.8,117.2,100.9,125.9,89.11
193,2008-01,2008,1,2.0,2.6,2.3,108.9,4.25,4.006,3.17,3.66,4.19,3.22,3.74,4.17,3.455,3.459,3.352,3.4,3.41,3.35,1.98,6.81,73.5,88.2,92.6,89.8,88.0,88.4,67.3,80.1,81.6,80.9,82.0,94.0,93.6,75.3,73.5,107.1,96.5,116.5,101.1,126.0,89.8
194,2008-02,2008,2,1.9,2.5,2.2,109.4,4.25,3.9994,3.05,3.55,4.18,3.1,3.64,4.14,3.239,3.247,3.163,3.22,3.24,3.18,1.94,6.72,75.4,88.2,92.1,89.9,88.6,89.8,67.5,81.2,82.3,80.7,82.0,94.4,95.1,75.4,78.9,112.3,96.1,115.0,101.0,126.0,90.595
195,2008-03,2008,3,1.8,2.4,2.0,109.6,3.75,3.4585,2.6,3.13,3.96,2.63,3.23,3.91,2.025,2.286,2.339,1.7,1.72,2.55,1.67,6.6,75.6,89.5,92.5,89.9,88.5,89.8,67.7,82.1,82.3,81.4,82.3,94.3,95.4,76.1,80.4,114.9,96.4,113.1,101.9,126.0,91.005
196,2008-04,2008,4,1.9,2.6,2.3,109.9,3.25,3.0298,2.73,3.22,4.08,2.74,3.34,4.02,2.702,2.72,2.81,2.78,2.68,2.69,1.72,6.4,77.9,89.5,92.5,89.9,88.3,89.8,67.7,81.9,82.6,81.7,83.0,94.7,95.4,76.6,85.8,115.4,95.2,112.0,101.9,125.6,91.37
197,2008-05,2008,5,2.0,2.4,2.3,110.2,3.25,2.9988,3.09,3.49,4.12,3.05,3.5,4.07,2.727,2.751,2.868,2.55,2.68,2.88,1.57,6.21,80.6,89.5,92.4,90.2,90.0,90.4,67.7,82.2,82.7,81.6,83.3,94.4,96.9,76.9,86.8,115.4,94.3,109.3,101.5,124.4,91.525
198,2008-06,2008,6,2.2,2.5,2.3,110.3,3.25,2.9915,3.23,3.55,4.05,3.27,3.62,4.07,2.691,3.01,3.253,2.36,2.6,3.24,1.45,6.2,81.9,89.6,92.6,90.5,90.1,91.3,68.0,81.5,83.2,81.8,84.1,94.7,96.9,77.4,87.3,109.7,93.9,107.9,101.4,124.3,91.405
199,2008-07,2008,7,2.2,2.6,2.5,110.4,3.25,3.0195,3.05,3.57,4.16,3.1,3.65,4.18,2.417,2.839,3.076,2.3,2.41,2.95,1.6,6.37,84.5,89.6,93.8,90.5,90.2,91.3,68.0,81.6,83.0,81.6,84.1,94.7,96.6,77.6,89.8,109.7,93.8,107.2,101.4,124.9,91.695
200,2008-08,2008,8,2.4,2.7,2.5,110.7,3.25,3.0003,2.75,3.25,4.01,2.76,3.34,4.02,2.518,2.665,2.669,2.22,2.42,2.68,1.53,6.25,85.3,89.6,94.4,91.5,90.8,91.3,68.2,81.7,83.1,81.8,84.1,94.5,96.6,77.8,89.8,105.1,92.7,107.1,101.3,124.4,91.555
201,2008-09,2008,9,2.7,2.5,2.5,111.1,3.25,2.9904,2.85,3.41,4.13,2.93,3.5,4.14,1.877,2.356,2.656,1.9,1.92,2.64,2.06,6.16,85.3,89.8,94.1,91.5,90.6,91.6,68.2,82.0,83.3,81.8,84.1,94.5,96.6,78.1,89.8,101.5,92.8,107.0,101.1,124.9,91.43
202,2008-10,2008,10,2.7,2.6,2.5,110.9,2.5,2.2522,2.07,3.27,4.27,2.16,3.43,4.31,2.215,2.214,2.244,1.85,1.98,2.05,2.49,6.46,85.9,89.9,94.1,91.5,90.7,91.6,68.1,81.9,83.4,81.8,84.1,94.1,96.5,78.3,89.8,99.3,92.1,102.6,99.1,122.5,90.865
203,2008-11,2008,11,3.1,2.7,2.7,111.7,2.5,2.2448,1.73,2.87,3.94,1.79,3.03,4.0,1.835,1.716,1.706,1.83,1.7,1.61,2.68,6.51,89.8,89.9,94.9,91.8,91.0,91.6,68.1,81.5,81.7,81.8,84.1,94.4,96.7,78.3,89.8,98.7,90.6,102.2,96.5,121.0,90.72
204,2008-12,2008,12,3.1,2.7,2.7,111.3,1.75,1.5017,1.09,2.13,3.45,1.11,2.3,3.45,0.945,0.977,0.978,0.71,0.83,0.85,2.1,6.17,90.1,90.0,94.9,91.8,91.0,91.9,68.1,81.6,81.7,82.4,84.1,94.6,96.7,78.3,89.8,97.8,88.8,102.2,96.5,120.3,90.63
205,2009-01,2009,1,3.0,2.5,2.5,110.8,1.25,1.0044,1.37,2.42,3.72,1.39,2.55,3.74,0.927,0.91,0.958,0.67,0.83,0.98,2.26,5.78,90.7,90.0,96.6,92.1,91.2,91.9,68.2,81.5,81.9,82.4,84.1,94.6,96.7,78.3,89.8,98.9,86.0,100.2,95.0,118.1,90.41
206,2009-02,2009,2,3.1,2.5,2.4,111.5,1.25,0.9978,1.25,2.31,3.69,1.27,2.44,3.7,0.801,0.817,0.884,0.57,0.67,0.8,2.19,5.28,90.6,90.0,97.0,92.6,91.5,91.9,68.1,81.4,81.9,82.4,84.9,94.6,96.7,78.3,90.0,95.9,85.1,98.4,90.4,115.0,89.835
207,2009-03,2009,3,3.2,2.5,2.4,111.8,0.75,0.4883,1.12,2.16,3.74,1.1,2.29,3.63,0.416,0.511,0.625,0.34,0.39,0.61,2.0,5.14,91.1,90.0,97.0,92.6,92.0,91.9,67.8,81.2,81.0,82.4,84.9,94.6,96.7,78.3,90.0,95.0,84.0,98.0,88.3,113.2,89.5
208,2009-04,2009,4,3.1,2.2,2.0,111.8,0.5,0.248,0.98,2.26,3.82,0.8,2.37,3.72,0.247,0.354,0.465,0.15,0.22,0.44,2.01,4.79,91.0,90.0,96.9,92.6,92.0,91.9,67.1,80.3,81.7,81.6,84.9,94.6,96.7,78.3,90.0,94.5,82.9,97.3,86.2,112.2,89.135
209,2009-05,2009,5,3.3,2.2,2.0,112.4,0.5,0.2432,1.27,2.84,4.19,1.04,2.91,4.11,0.197,0.314,0.477,0.16,0.2,0.49,2.34,4.62,91.0,90.0,97.0,92.7,92.2,91.9,66.8,78.9,81.7,82.1,84.9,94.6,96.7,78.7,90.0,92.9,83.1,97.2,86.8,111.8,89.05
210,2009-06,2009,6,3.2,2.1,1.9,112.4,0.5,0.2412,1.27,2.82,3.91,1.33,3.13,3.96,0.243,0.369,0.577,0.17,0.24,0.55,1.91,4.9,90.7,90.0,96.9,92.7,92.3,91.9,66.7,79.0,81.6,82.1,84.9,94.6,96.7,79.1,90.0,93.6,83.8,96.1,85.7,111.0,88.97
211,2009-07,2009,7,2.9,1.9,1.6,112.3,0.5,0.2417,1.45,2.91,4.05,1.33,3.2,4.1,0.241,0.348,0.6,0.18,0.23,0.59,1.89,5.14,90.7,90.0,96.8,92.6,92.2,91.9,66.8,80.2,81.2,82.1,84.9,95.1,96.7,79.1,90.0,93.6,84.3,96.7,87.7,103.6,88.81
212,2009-08,2009,8,2.6,1.7,1.5,112.5,0.5,0.2425,1.29,2.74,3.9,1.2,3.05,3.96,0.238,0.338,0.581,0.12,0.21,0.53,1.82,5.13,89.6,90.0,96.9,93.7,92.3,91.9,67.0,79.6,81.4,82.1,84.9,94.6,96.7,79.3,90.0,93.8,84.8,96.8,87.9,104.0,88.865
213,2009-09,2009,9,2.5,1.7,1.3,112.7,0.5,0.2417,1.26,2.82,3.84,1.3,2.93,3.87,0.222,0.333,0.58,0.18,0.22,0.57,1.74,4.97,89.6,90.2,97.5,93.7,92.5,93.0,67.5,79.8,81.5,82.3,84.9,93.9,96.1,79.4,90.0,94.4,85.2,97.0,90.1,103.9,89.125
214,2009-10,2009,10,2.5,1.7,1.3,112.9,0.5,0.2403,1.43,2.97,3.96,1.31,3.08,3.98,0.232,0.33,0.644,0.18,0.22,0.6,1.63,5.0,89.6,90.2,97.4,93.9,92.8,93.0,67.8,80.4,81.5,82.3,84.9,94.2,96.7,79.4,90.0,95.1,85.8,97.3,91.2,103.9,89.37
215,2009-11,2009,11,2.1,1.8,1.3,113.4,0.5,0.2435,1.15,2.74,3.85,1.06,2.83,3.84,0.228,0.302,0.516,0.17,0.22,0.48,1.56,5.06,90.5,90.5,97.6,95.1,93.3,93.0,68.3,80.1,83.0,83.0,85.4,95.0,96.5,79.5,90.1,94.9,86.1,97.5,91.7,103.5,89.73
216,2009-12,2009,12,1.9,1.7,1.3,113.0,0.5,0.2455,1.43,3.08,4.07,1.41,3.28,4.08,0.202,0.3,0.654,0.13,0.19,0.67,1.52,4.83,91.4,90.5,97.5,95.1,93.5,93.8,69.0,80.1,83.0,83.0,85.4,95.0,96.6,79.9,90.1,95.2,86.3,97.7,92.8,103.2,89.955
217,2010-01,2010,1,1.8,1.7,1.3,113.0,0.5,0.2442,1.22,2.81,3.96,1.21,2.99,3.92,0.179,0.283,0.649,0.13,0.16,0.56,1.55,4.8,92.9,90.6,97.3,95.1,93.6,94.3,69.7,80.4,82.7,82.9,85.4,95.0,96.6,80.2,90.1,95.3,86.9,98.3,93.5,103.1,90.195
218,2010-02,2010,2,1.8,1.7,1.3,113.9,0.5,0.2476,1.34,2.91,4.05,1.19,3.09,3.98,0.17,0.276,0.629,0.14,0.16,0.62,1.59,4.73,92.9,90.7,97.5,95.1,93.9,95.1,69.2,81.7,83.0,83.0,87.4,95.0,96.9,80.4,90.3,95.8,87.0,98.7,94.4,103.1,90.555
219,2010-03,2010,3,1.5,1.6,1.1,113.7,0.5,0.2443,1.73,3.1,4.07,1.63,3.25,3.99,0.289,0.466,0.946,0.2,0.28,0.96,1.56,4.71,92.9,90.8,97.5,95.1,94.4,95.6,69.7,81.7,82.8,84.4,89.3,95.0,96.9,80.9,90.3,96.4,87.3,99.1,95.3,103.7,90.955
220,2010-04,2010,4,1.4,1.7,1.3,113.9,0.5,0.248,1.97,3.28,4.04,1.89,3.38,3.99,0.401,0.724,1.291,0.18,0.39,1.29,1.54,5.15,94.2,90.8,97.4,95.1,94.5,96.4,69.8,81.7,83.1,84.4,89.3,95.0,96.6,81.2,91.4,97.3,87.4,99.1,95.9,104.0,91.23
221,2010-05,2010,5,1.1,1.6,1.2,114.3,0.5,0.2437,1.62,2.75,3.68,1.44,2.85,3.58,0.427,0.641,1.023,0.14,0.45,1.02,1.44,5.3,94.5,90.9,97.9,95.7,93.7,96.5,70.7,82.5,83.1,83.7,89.2,94.8,96.6,81.5,94.0,97.5,87.8,99.5,96.2,103.6,91.495
222,2010-06,2010,6,1.1,1.5,1.1,114.3,0.75,0.4928,1.39,2.56,3.65,1.45,2.84,3.59,0.579,0.838,1.249,0.28,0.5,1.01,1.42,5.18,94.8,90.9,99.2,95.7,94.0,96.9,71.1,82.5,83.1,84.0,89.2,94.7,96.6,82.1,93.6,97.5,87.8,99.3,96.0,103.5,91.625
223,2010-07,2010,7,1.1,1.6,1.3,114.8,1.0,0.74,1.6,2.66,3.77,1.55,2.96,3.71,0.641,0.852,1.076,0.55,0.65,1.17,1.55,5.02,94.8,90.9,99.2,95.7,94.0,96.9,71.1,82.3,82.9,84.6,87.6,93.3,94.7,82.4,93.6,97.5,87.7,99.3,95.7,103.5,91.385
224,2010-08,2010,8,1.2,1.6,1.2,114.8,1.0,0.7481,1.23,2.19,3.47,1.21,2.5,3.39,0.692,0.898,1.034,0.43,0.62,0.98,1.4,4.82,94.8,90.9,99.1,95.7,94.2,96.8,71.4,82.9,83.0,84.6,87.6,93.8,94.7,82.8,93.6,97.5,87.6,99.3,95.7,103.5,91.475
225,2010-09,2010,9,1.0,1.6,1.3,115.1,1.25,0.9976,1.39,2.11,3.33,1.42,2.41,3.25,0.893,1.093,1.31,0.84,0.87,1.27,1.17,4.6,94.8,90.9,99.2,95.7,94.5,96.8,71.4,82.7,83.1,84.8,87.7,93.9,94.7,82.8,93.6,97.5,87.7,99.3,95.0,103.0,91.455
226,2010-10,2010,10,1.2,1.7,1.5,115.5,1.25,0.9969,1.45,2.38,3.5,1.43,2.52,3.38,0.915,1.017,1.199,0.87,0.92,1.21,1.17,4.52,94.8,90.9,99.2,96.0,94.7,97.0,71.6,82.8,83.2,84.8,87.4,93.9,94.9,82.8,93.4,98.6,86.8,99.2,95.1,103.3,91.52
227,2010-11,2010,11,1.0,1.4,1.3,115.6,1.25,0.9997,1.74,2.75,3.65,1.7,2.86,3.6,0.982,1.097,1.32,0.93,0.99,1.39,1.3,4.45,97.8,91.8,99.0,96.1,94.5,99.0,72.1,83.2,81.9,84.8,87.8,91.8,94.9,82.8,93.4,98.6,86.3,99.2,94.8,102.8,91.63
228,2010-12,2010,12,1.2,1.6,1.4,115.3,1.25,0.9924,1.69,2.73,3.54,1.68,2.9,3.51,0.998,1.142,1.371,0.92,0.98,1.38,1.12,4.5,97.8,92.1,99.0,95.6,94.0,99.0,71.9,82.8,81.9,84.8,87.8,91.1,95.0,84.1,93.4,98.6,86.5,98.9,94.7,102.7,91.585
229,2011-01,2011,1,1.2,1.6,1.3,115.3,1.25,0.9937,1.67,2.85,3.75,1.64,3.02,3.71,0.986,1.16,1.455,0.88,0.95,1.33,1.35,4.55,97.9,92.1,98.8,96.3,94.6,99.0,72.4,82.6,81.9,84.8,87.8,91.1,95.4,84.4,93.4,98.8,86.8,98.8,94.7,102.7,91.715
230,2011-02,2011,2,1.1,1.4,1.2,115.6,1.25,0.9934,1.79,2.89,3.75,1.69,3.04,3.69,0.967,1.128,1.439,0.91,0.95,1.36,1.31,4.68,97.9,92.1,98.7,97.0,94.8,98.8,73.0,82.8,82.2,86.1,87.8,90.6,95.4,85.2,94.6,98.8,86.3,99.2,94.9,102.7,91.945
231,2011-03,2011,3,1.7,1.8,1.6,116.4,1.25,0.9944,1.77,2.88,3.72,1.72,3.0,3.66,0.918,1.076,1.344,0.89,0.92,1.35,1.13,4.7,97.9,92.1,99.1,97.0,94.9,98.9,73.3,82.8,82.1,86.1,87.8,89.5,95.5,85.5,94.6,98.8,86.1,99.2,95.2,102.7,91.955
232,2011-04,2011,4,1.6,1.8,1.5,116.5,1.25,0.997,1.78,2.83,3.74,1.74,2.95,3.67,0.979,1.139,1.432,0.9,0.97,1.43,1.05,4.87,97.9,92.1,98.6,97.1,95.4,100.7,74.0,83.3,82.2,86.1,87.8,89.5,95.5,85.7,94.8,98.8,86.1,98.9,95.3,101.7,92.075
233,2011-05,2011,5,1.9,1.9,1.8,117.1,1.25,0.9967,1.59,2.73,3.5,1.57,2.68,3.41,0.959,1.07,1.282,0.88,0.95,1.27,0.99,4.83,97.7,92.1,98.6,97.0,95.9,99.6,75.0,83.2,82.2,87.2,88.1,89.5,95.3,85.8,95.7,98.8,86.1,99.4,95.6,101.9,92.235
234,2011-06,2011,6,1.8,1.9,1.8,116.5,1.25,0.9981,1.56,2.66,3.53,1.55,2.79,3.47,0.915,1.024,1.216,0.89,0.93,1.21,1.04,4.6,97.7,92.1,98.8,97.3,95.6,100.1,75.8,83.3,82.2,87.2,88.8,89.6,95.3,86.4,95.7,98.8,85.7,99.8,95.7,101.9,92.39
235,2011-07,2011,7,1.9,1.9,1.8,116.7,1.25,0.9986,1.47,2.46,3.35,1.47,2.56,3.28,0.934,1.039,1.241,0.91,0.92,1.25,0.84,4.57,97.5,92.3,98.9,97.3,95.5,100.2,76.2,83.1,82.2,87.3,89.1,89.7,95.3,86.6,95.7,98.8,85.0,99.7,95.7,101.9,92.4
236,2011-08,2011,8,2.0,2.1,2.0,117.2,1.25,0.9977,1.08,2.02,3.1,1.12,2.13,3.0,0.932,0.944,0.947,0.94,0.93,0.97,0.88,4.52,97.5,92.3,99.1,97.7,95.6,100.8,76.3,83.1,82.2,87.8,89.1,89.4,96.4,86.8,97.0,98.8,85.2,99.5,95.1,101.4,92.555
237,2011-09,2011,9,2.1,2.0,2.1,117.7,1.25,0.9989,0.92,1.73,2.83,0.95,1.92,2.74,0.868,0.876,0.881,0.82,0.83,0.88,0.88,4.42,97.5,93.1,98.7,97.7,95.7,101.0,76.5,83.2,82.2,87.8,89.1,89.3,96.3,87.6,97.0,99.1,85.9,99.8,95.2,101.4,92.705
238,2011-10,2011,10,2.0,1.9,2.0,118.1,1.25,0.9993,1.08,1.9,3.02,1.09,2.07,2.91,0.865,0.917,0.935,0.85,0.89,0.96,0.85,4.35,97.5,93.1,98.7,97.8,95.7,101.1,76.9,83.4,82.2,87.8,89.1,89.4,96.3,87.7,97.0,98.9,86.1,100.2,95.0,100.6,92.725
239,2011-11,2011,11,2.1,2.1,2.1,118.2,1.25,0.9983,1.01,1.71,2.69,1.01,1.85,2.61,0.886,0.909,0.855,0.8,0.86,0.92,0.61,4.38,97.5,93.1,98.7,98.4,96.2,101.1,77.7,83.3,82.6,88.3,89.3,91.9,95.9,88.0,97.4,100.4,85.8,100.2,94.6,100.4,93.04
240,2011-12,2011,12,2.0,1.9,1.9,117.5,1.25,0.9998,0.93,1.52,2.5,0.95,1.66,2.42,0.826,0.891,0.891,0.76,0.83,0.92,0.47,4.36,97.5,93.1,98.7,98.7,96.0,101.2,77.9,83.1,82.6,88.3,89.3,92.1,95.9,88.0,97.4,100.3,86.0,100.2,94.4,100.4,93.055
241,2012-01,2012,1,2.0,2.0,2.1,117.9,1.25,0.9987,1.02,1.58,2.64,1.03,1.73,2.55,0.877,0.925,0.981,0.84,0.86,0.98,0.53,4.31,97.0,93.1,98.7,98.7,96.0,101.6,77.9,83.6,82.6,88.3,89.3,92.0,96.1,88.1,97.4,100.8,86.5,99.9,94.5,99.3,93.07
242,2012-02,2012,2,2.1,2.1,2.2,118.4,1.25,0.9978,1.1,1.58,2.6,1.12,1.69,2.48,0.941,0.985,1.034,0.88,0.93,1.05,0.44,4.23,97.0,94.6,98.2,99.3,96.1,101.9,78.3,83.7,83.8,89.2,89.3,92.8,96.1,88.6,98.6,100.8,86.6,99.6,94.2,99.3,93.4
243,2012-03,2012,3,1.7,1.9,1.9,118.7,1.25,0.998,1.19,1.72,2.67,1.19,1.88,2.56,0.926,1.016,1.103,0.89,0.92,1.08,0.52,4.21,97.5,94.6,98.2,99.8,96.2,102.4,78.9,84.1,84.2,89.2,89.3,92.8,96.2,88.9,98.6,100.7,87.0,100.2,94.0,98.6,93.57
244,2012-04,2012,4,2.0,2.0,2.1,119.2,1.25,1.0079,1.43,1.81,2.65,1.42,1.91,2.55,1.042,1.123,1.263,0.98,1.06,1.32,0.59,4.36,97.4,94.7,98.1,100.0,96.2,102.5,79.3,84.5,84.1,89.5,89.8,92.6,96.2,89.3,98.6,101.2,87.0,100.5,93.9,98.6,93.7
245,2012-05,2012,5,1.8,1.7,1.7,119.4,1.25,1.0,1.11,1.51,2.33,1.1,1.52,2.2,1.006,1.077,1.173,0.9,0.94,1.02,0.37,4.35,97.6,94.8,97.9,100.0,96.3,102.8,80.0,84.9,84.0,89.5,89.8,92.8,97.6,89.5,99.0,101.2,87.3,100.4,94.0,97.5,93.845
246,2012-06,2012,6,1.8,1.6,1.5,118.9,1.25,0.9984,0.99,1.44,2.32,1.0,1.51,2.24,0.902,0.952,0.997,0.88,0.86,0.96,0.42,4.25,97.6,94.6,97.9,100.1,96.4,103.4,80.2,85.1,84.0,91.5,89.8,92.8,97.3,89.7,99.4,101.2,87.9,100.4,94.1,98.3,94.085
247,2012-07,2012,7,1.7,1.7,1.5,118.8,1.25,0.9974,0.96,1.35,2.22,0.98,1.4,2.14,0.972,0.992,1.069,0.91,0.92,0.97,0.33,4.23,98.3,95.3,97.7,100.1,96.5,103.5,80.2,85.2,84.4,91.4,89.8,92.5,97.3,90.0,99.4,101.2,88.1,100.4,94.1,98.1,94.175
248,2012-08,2012,8,1.7,1.6,1.5,119.2,1.25,0.999,1.15,1.54,2.37,1.16,1.59,2.28,1.034,1.081,1.171,0.97,1.03,1.14,0.4,4.23,98.4,95.6,97.8,100.6,96.6,103.4,80.6,85.3,84.4,91.4,90.4,92.5,97.3,90.2,99.5,101.2,88.4,100.4,94.0,97.9,94.295
249,2012-09,2012,9,1.5,1.6,1.3,119.4,1.25,0.9991,1.09,1.47,2.33,1.1,1.56,2.24,1.0,1.042,1.125,0.96,0.99,1.09,0.35,4.2,98.1,95.5,98.0,101.1,96.6,103.4,81.2,85.2,84.4,91.4,90.4,92.5,97.3,90.6,99.5,101.2,88.8,100.5,93.9,97.3,94.345
250,2012-10,2012,10,1.6,1.6,1.3,119.7,1.25,1.0024,1.07,1.51,2.38,1.08,1.59,2.27,1.0,1.042,1.11,0.92,0.99,1.06,0.38,4.17,98.1,95.5,98.1,101.1,97.1,103.6,81.5,86.2,84.4,91.4,90.4,92.5,97.3,91.1,99.5,101.2,89.2,100.5,94.1,97.7,94.525
251,2012-11,2012,11,1.6,1.6,1.2,119.7,1.25,0.9985,1.09,1.46,2.3,1.1,1.53,2.2,0.988,1.029,1.079,0.93,0.95,1.08,0.34,4.15,98.1,96.1,97.8,101.3,97.3,104.1,81.7,86.5,84.9,91.2,91.1,92.6,97.4,91.5,99.6,101.2,89.1,100.5,93.6,97.0,94.63
252,2012-12,2012,12,1.5,1.7,1.2,119.1,1.25,0.9982,1.12,1.55,2.37,1.13,1.62,2.27,0.98,1.037,1.116,0.9,0.92,1.1,0.38,4.15,98.1,96.3,97.8,101.5,97.3,104.1,82.0,86.3,85.9,91.2,91.1,92.6,97.4,91.7,99.6,101.2,89.8,100.8,93.1,96.9,94.735
253,2013-01,2013,1,1.4,1.4,1.0,119.1,1.25,1.0048,1.16,1.7,2.57,1.17,1.77,2.47,0.934,0.996,1.077,0.92,0.93,1.08,0.54,4.14,98.3,96.5,97.7,101.5,97.3,103.7,82.3,86.5,85.9,91.1,91.1,92.6,97.5,91.8,99.6,101.2,90.4,100.7,93.1,96.7,94.775
254,2013-02,2013,2,1.5,1.6,1.2,120.1,1.25,1.0072,1.0,1.53,2.53,1.02,1.61,2.39,0.96,0.989,1.016,0.91,0.96,1.01,0.52,4.11,98.2,97.4,97.9,101.4,97.5,103.4,82.0,86.5,86.5,91.1,91.4,92.6,97.5,91.9,101.1,101.2,91.5,100.7,93.1,96.7,94.98
255,2013-03,2013,3,1.5,1.6,1.2,120.4,1.25,1.0065,1.0,1.56,2.49,1.01,1.55,2.34,0.978,1.011,1.036,0.95,0.97,1.03,0.48,4.02,98.2,97.4,98.1,101.4,97.5,103.6,82.1,86.8,86.5,91.1,91.4,93.2,97.5,92.2,102.0,101.3,92.0,100.7,92.9,96.6,95.125
256,2013-04,2013,4,1.3,1.5,0.9,120.3,1.25,1.0036,0.94,1.42,2.38,0.99,1.41,2.19,0.993,1.008,1.023,0.97,0.99,1.02,0.42,4.02,99.5,97.4,98.0,101.5,97.4,103.6,82.2,87.9,86.6,91.1,91.4,93.2,97.5,93.1,102.2,101.3,92.8,100.9,93.0,96.7,95.365
257,2013-05,2013,5,1.2,1.6,1.1,120.5,1.25,1.0063,1.07,1.78,2.65,1.09,1.75,2.48,0.999,1.023,1.056,0.99,1.01,1.08,0.68,4.02,99.5,97.9,98.2,101.5,97.8,103.2,82.4,87.9,87.2,91.2,91.4,93.2,98.0,93.8,102.4,101.3,93.7,100.6,92.7,96.7,95.53
258,2013-06,2013,6,1.2,1.8,1.3,120.3,1.25,1.0067,1.23,2.2,2.96,1.25,2.27,2.9,1.024,1.042,1.083,1.01,1.03,1.13,1.12,4.0,99.5,97.8,98.2,101.5,98.0,103.1,82.4,87.6,87.5,91.4,92.0,93.0,98.0,94.0,102.6,102.0,94.0,101.0,92.3,96.6,95.625
259,2013-07,2013,7,1.3,1.7,1.3,120.3,1.25,0.9998,1.15,2.11,2.97,1.18,2.18,2.88,1.013,1.042,1.121,0.98,1.0,1.13,1.02,4.08,100.0,98.2,98.2,101.5,97.9,102.8,82.8,87.9,87.8,91.4,92.0,93.3,98.0,94.3,102.6,101.6,94.7,100.9,92.6,96.6,95.755
260,2013-08,2013,8,1.2,1.6,1.1,120.5,1.25,0.9978,1.2,2.26,3.09,1.24,2.34,3.0,0.995,1.029,1.102,0.98,0.99,1.11,1.1,4.14,100.0,98.0,98.2,101.5,98.0,102.5,82.9,87.9,87.9,91.5,92.0,94.4,98.1,94.3,102.7,102.1,95.3,101.1,92.2,96.5,95.855
261,2013-09,2013,9,1.3,1.6,1.3,120.8,1.25,0.9948,1.21,2.19,3.09,1.21,2.3,3.0,0.986,1.0,1.07,0.96,0.98,1.07,1.16,4.33,100.0,98.2,98.2,101.5,97.9,102.3,82.9,88.0,87.8,91.5,92.3,94.0,98.1,94.4,102.7,102.1,95.9,100.6,92.2,96.4,95.85
262,2013-10,2013,10,1.2,1.6,1.2,121.0,1.25,0.9994,1.1,2.0,3.01,1.09,2.13,2.87,0.915,0.944,1.021,0.9,0.9,1.0,1.04,4.4,100.0,98.3,98.2,101.6,97.9,102.3,83.0,88.8,88.0,91.6,92.8,94.7,98.1,94.4,103.6,102.6,96.0,100.7,91.9,96.3,96.04
263,2013-11,2013,11,1.0,1.5,1.3,120.8,1.25,0.9997,1.1,2.04,3.14,1.07,2.19,3.01,0.939,0.958,1.013,0.94,0.94,1.0,1.18,4.39,100.0,98.3,98.3,101.5,98.1,101.7,83.2,89.3,88.8,91.6,93.0,94.6,98.1,94.4,103.9,102.8,96.4,100.4,91.7,95.7,96.09
264,2013-12,2013,12,1.2,1.6,1.4,120.4,1.25,1.0012,1.13,2.17,3.2,1.1,2.34,3.09,0.888,0.942,0.983,0.89,0.91,0.97,1.22,4.39,100.0,98.1,98.2,101.6,98.1,101.8,83.5,89.4,89.0,91.3,92.8,94.4,98.1,94.5,103.9,102.8,96.6,100.4,91.5,95.7,96.085
265,2014-01,2014,1,1.3,1.7,1.5,120.6,1.25,0.9993,0.96,1.84,2.94,0.98,1.98,2.8,0.891,0.918,0.94,0.83,0.89,0.94,0.99,4.38,100.0,98.1,98.2,101.4,98.1,101.5,83.7,89.1,88.8,90.9,92.8,94.5,98.1,94.5,103.9,104.2,98.3,100.2,91.4,95.7,96.17
266,2014-02,2014,2,1.3,1.5,1.3,121.5,1.25,0.9945,1.0,1.95,2.96,1.02,1.93,2.8,0.866,0.909,0.957,0.81,0.85,0.97,0.96,4.32,100.0,98.0,98.1,101.3,98.2,101.6,84.1,89.7,90.4,91.8,93.2,95.2,98.1,94.7,104.2,104.2,99.6,100.4,91.4,95.7,96.495
267,2014-03,2014,3,1.4,1.6,1.5,121.9,1.25,0.998,1.06,2.02,2.96,1.06,2.01,2.82,0.88,0.907,0.963,0.89,0.89,0.97,0.9,4.16,100.3,98.2,98.1,101.3,98.1,101.3,84.1,89.7,90.4,91.8,93.2,95.2,98.1,94.7,104.2,104.1,100.6,100.5,91.3,95.4,96.53
268,2014-04,2014,4,1.4,1.7,1.6,122.1,1.25,0.9978,1.06,1.99,2.93,1.05,1.97,2.76,0.939,0.957,0.999,0.92,0.95,1.0,0.92,4.02,100.3,98.1,98.3,101.3,98.2,101.1,85.0,89.9,90.3,91.8,93.2,95.2,98.1,95.1,103.5,104.2,101.2,100.2,90.8,95.4,96.56
269,2014-05,2014,5,1.4,1.8,1.8,122.6,1.25,0.9978,1.04,1.82,2.76,1.03,1.79,2.6,0.915,0.944,0.985,0.92,0.93,0.99,0.76,4.02,100.1,98.1,98.3,101.3,98.3,100.6,85.0,90.3,90.3,91.9,93.6,95.3,98.5,95.2,104.0,104.2,102.0,100.6,90.5,95.4,96.675
270,2014-06,2014,6,1.5,1.8,1.8,122.5,1.25,0.9988,1.11,1.86,2.82,1.1,1.98,2.72,0.928,0.957,0.998,0.94,0.95,1.01,0.78,4.0,100.0,98.0,98.2,101.4,98.2,100.4,85.4,91.2,90.2,91.9,93.9,95.3,98.5,95.4,104.0,104.1,102.2,100.7,90.3,95.4,96.735
271,2014-07,2014,7,1.5,1.7,1.6,122.5,1.25,0.999,1.1,1.78,2.7,1.09,1.89,2.59,0.946,0.98,1.02,0.94,0.96,1.03,0.63,4.01,100.0,97.9,98.1,101.4,98.2,100.3,85.3,91.5,90.6,92.0,94.2,95.3,98.5,95.4,104.1,103.9,102.5,100.7,90.2,95.4,96.775
272,2014-08,2014,8,1.5,1.7,1.7,123.0,1.25,0.9976,1.1,1.65,2.57,1.09,1.75,2.44,0.936,0.966,1.015,0.93,0.94,1.01,0.6,4.01,100.0,97.9,97.7,101.4,98.2,100.3,85.8,91.9,90.8,92.4,94.4,95.3,98.5,95.4,103.7,104.1,102.8,100.9,90.5,95.2,96.86
273,2014-09,2014,9,1.5,1.8,1.7,123.3,1.25,0.9979,1.14,1.82,2.73,1.13,1.97,2.61,0.918,0.94,1.004,0.9,0.92,1.0,0.75,4.02,100.0,98.3,97.7,101.4,97.9,100.2,86.1,92.1,90.8,92.7,95.0,95.3,98.5,94.9,103.5,103.9,103.0,101.0,90.5,94.3,96.855
274,2014-10,2014,10,1.5,1.8,1.7,123.7,1.25,1.0024,1.04,1.73,2.59,1.05,1.83,2.46,0.878,0.911,0.976,0.86,0.88,0.98,0.68,4.0,100.0,98.4,97.7,101.4,98.0,99.9,86.2,92.5,90.5,93.1,95.0,95.2,98.5,95.0,103.6,103.9,103.3,101.0,91.0,94.2,96.92
275,2014-11,2014,11,1.8,1.8,1.7,123.5,1.25,1.0,1.0,1.61,2.48,1.02,1.71,2.36,0.895,0.923,0.982,0.9,0.91,0.98,0.61,4.0,100.2,98.4,97.7,101.6,98.0,99.7,86.3,92.9,90.5,93.4,95.3,95.2,98.5,95.0,103.5,103.9,103.6,101.1,90.8,94.2,96.99
276,2014-12,2014,12,1.7,1.8,1.6,123.0,1.25,1.0114,1.01,1.46,2.33,1.0,1.57,2.22,0.912,0.936,0.992,0.88,0.91,0.99,0.62,3.98,100.2,98.4,97.7,101.6,97.8,99.5,86.5,93.0,90.4,93.9,95.9,95.2,98.5,95.0,103.5,103.7,103.7,101.0,90.7,94.2,97.02
277,2015-01,2015,1,1.9,1.8,1.7,123.3,1.0,0.7502,0.44,1.0,1.93,0.46,0.98,1.75,0.592,0.571,0.542,0.6,0.6,0.54,0.23,3.96,100.2,98.4,97.7,101.6,97.9,99.1,86.3,93.0,91.2,93.9,96.4,95.2,98.5,95.3,103.5,103.7,103.8,100.8,90.6,93.6,97.035
278,2015-02,2015,2,1.7,1.8,1.6,124.0,1.0,0.7595,0.47,0.97,1.95,0.46,0.95,1.76,0.467,0.449,0.429,0.54,0.56,0.53,0.13,3.91,100.2,98.8,97.7,101.4,98.3,99.1,86.8,92.9,91.2,94.3,96.0,95.2,98.5,95.4,103.2,103.7,103.7,100.9,90.7,93.6,97.08
279,2015-03,2015,3,1.7,1.8,1.6,124.8,1.0,0.7558,0.49,0.99,1.97,0.49,0.99,1.79,0.528,0.54,0.534,0.53,0.54,0.56,0.15,3.84,100.2,98.8,97.4,101.5,98.4,98.9,87.3,93.1,91.3,94.3,95.9,95.2,98.5,95.8,103.0,103.4,102.8,100.8,90.6,93.6,97.04
280,2015-04,2015,4,1.7,1.6,1.4,124.9,1.0,0.7473,0.68,1.27,2.19,0.67,1.25,2.01,0.647,0.66,0.685,0.64,0.66,0.7,0.38,3.76,100.2,98.8,97.4,101.5,98.2,98.9,87.7,93.1,91.4,94.3,95.6,95.2,98.5,95.9,101.2,103.6,102.4,100.8,91.5,93.3,96.975
281,2015-05,2015,5,1.9,1.7,1.5,125.3,1.0,0.727,0.63,1.33,2.25,0.64,1.29,2.08,0.665,0.693,0.716,0.6,0.63,0.7,0.53,3.74,99.9,98.9,97.4,100.2,98.1,98.9,87.6,93.2,91.5,94.3,95.6,95.4,98.8,96.0,101.5,104.2,102.4,100.9,91.7,93.3,96.99
282,2015-06,2015,6,1.9,1.6,1.5,125.3,1.0,0.7464,0.6,1.4,2.38,0.59,1.5,2.29,0.576,0.601,0.6,0.58,0.58,0.67,0.61,3.72,99.9,99.2,97.8,100.5,98.0,98.9,88.2,93.7,91.5,94.6,95.6,95.4,99.0,96.2,101.5,103.5,101.9,100.8,92.1,93.3,97.08
283,2015-07,2015,7,1.9,1.8,1.7,125.4,0.75,0.5019,0.46,1.12,2.2,0.45,1.22,2.09,0.427,0.438,0.449,0.4,0.41,0.46,0.48,3.71,100.2,99.0,98.0,100.5,98.3,98.9,88.6,94.5,91.4,94.3,95.9,95.4,98.9,96.3,101.5,104.2,101.7,100.7,92.7,93.3,97.215
284,2015-08,2015,8,2.0,1.8,1.6,125.6,0.75,0.5026,0.39,1.05,2.2,0.4,1.13,2.08,0.376,0.371,0.379,0.38,0.37,0.39,0.78,3.71,100.2,99.0,98.0,100.2,98.5,98.8,89.4,95.3,92.2,94.5,96.1,95.6,98.9,96.3,101.1,104.2,101.6,100.7,92.8,93.0,97.32
285,2015-09,2015,9,2.0,1.7,1.7,125.9,0.75,0.5002,0.53,1.11,2.21,0.52,1.22,2.09,0.413,0.429,0.482,0.41,0.43,0.49,0.69,3.71,100.2,99.0,98.0,100.2,98.5,99.1,89.6,95.4,92.2,94.7,96.1,95.5,98.9,96.6,101.3,103.1,101.6,100.7,93.3,93.0,97.35
286,2015-10,2015,10,2.1,1.8,1.7,126.3,0.75,0.4991,0.54,1.11,2.26,0.54,1.23,2.13,0.393,0.437,0.496,0.39,0.41,0.5,0.8,3.72,100.2,99.2,98.0,100.2,98.5,99.2,90.2,95.9,91.8,94.7,96.1,95.5,98.9,96.8,101.2,102.4,101.7,101.3,93.7,93.5,97.45
287,2015-11,2015,11,2.1,1.9,1.8,126.0,0.75,0.4967,0.63,1.23,2.29,0.62,1.33,2.17,0.442,0.471,0.529,0.46,0.48,0.54,0.75,3.72,100.4,98.6,98.2,99.9,99.1,98.9,90.5,96.0,92.1,94.7,96.2,95.2,99.1,96.9,101.1,102.0,101.8,101.2,94.4,93.5,97.49
288,2015-12,2015,12,2.0,2.0,1.8,125.5,0.75,0.5242,0.48,1.04,2.16,0.48,1.14,2.04,0.497,0.504,0.5,0.42,0.52,0.51,0.67,3.75,100.4,98.8,98.2,99.9,99.1,99.0,90.7,96.0,93.2,94.9,96.2,95.2,98.9,97.0,101.7,101.9,101.8,101.2,94.6,93.5,97.61
289,2016-01,2016,1,2.1,2.0,1.8,125.8,0.75,0.5153,0.42,1.02,2.05,0.43,0.97,1.9,0.481,0.465,0.452,0.45,0.48,0.46,0.68,3.76,100.4,98.8,98.0,99.9,99.1,99.0,91.0,96.1,93.4,94.9,96.7,95.2,98.9,97.2,101.9,101.4,101.8,101.1,95.1,93.5,97.67
290,2016-02,2016,2,2.1,1.9,1.8,126.5,0.75,0.4991,0.49,0.95,1.93,0.49,0.89,1.78,0.462,0.472,0.478,0.42,0.46,0.49,0.6,3.75,100.4,98.8,98.0,99.9,99.4,98.9,91.7,96.9,94.0,95.1,97.1,95.2,98.9,97.2,101.7,101.1,101.3,101.0,96.4,93.8,97.84
291,2016-03,2016,3,2.0,2.0,1.8,127.3,0.75,0.4981,0.53,1.0,2.0,0.53,0.99,1.86,0.462,0.505,0.543,0.43,0.44,0.53,0.49,3.73,100.2,98.8,98.0,99.9,99.4,98.7,92.2,96.9,94.1,95.2,98.0,95.7,98.9,97.5,101.8,100.6,101.3,101.0,97.0,93.8,97.95
292,2016-04,2016,4,2.0,2.1,1.9,127.5,0.75,0.5005,0.68,1.2,2.06,0.67,1.18,1.94,0.541,0.564,0.598,0.5,0.55,0.6,0.46,3.7,100.2,98.8,98.0,99.9,99.5,98.7,93.1,96.9,95.0,96.3,98.0,95.4,98.9,97.8,101.7,100.2,101.3,101.0,97.3,95.0,98.15
293,2016-05,2016,5,1.9,2.0,1.9,128.0,0.75,0.4974,0.63,1.06,2.01,0.63,1.04,1.87,0.551,0.572,0.618,0.46,0.53,0.52,0.47,3.67,100.2,98.9,98.0,99.9,99.5,98.9,95.7,97.1,96.2,96.6,98.0,96.3,98.7,98.1,101.1,100.2,100.8,101.0,99.0,96.4,98.53
294,2016-06,2016,6,1.8,2.1,2.0,128.0,0.75,0.5035,0.54,0.82,1.76,0.54,0.89,1.67,0.494,0.509,0.51,0.48,0.49,0.52,0.36,3.66,100.2,98.9,98.0,99.9,99.5,99.2,96.1,97.1,97.7,96.7,98.0,97.1,98.9,98.4,101.1,99.8,99.9,100.4,99.3,96.9,98.655
295,2016-07,2016,7,1.8,2.0,1.9,128.0,0.75,0.5078,0.58,0.81,1.69,0.57,0.86,1.6,0.504,0.545,0.574,0.49,0.53,0.58,0.33,3.67,99.8,99.3,98.0,100.1,99.5,99.3,97.5,98.2,97.8,96.9,97.8,96.8,98.9,98.6,101.2,99.6,100.0,100.5,100.1,97.9,98.89
296,2016-08,2016,8,1.7,2.0,1.9,128.0,0.75,0.4926,0.58,0.77,1.63,0.57,0.82,1.53,0.512,0.536,0.553,0.46,0.51,0.56,0.22,3.68,99.7,99.3,98.1,100.1,99.5,99.0,98.4,98.6,97.9,97.5,98.3,96.8,99.4,98.9,100.0,99.4,100.0,100.3,100.1,97.9,98.96
297,2016-09,2016,9,1.5,2.0,1.8,128.2,0.75,0.4969,0.51,0.73,1.64,0.51,0.81,1.52,0.533,0.542,0.574,0.46,0.51,0.53,0.18,3.67,100.1,99.1,99.6,100.0,100.0,99.0,98.5,98.6,98.5,97.5,98.5,97.9,99.8,99.2,100.1,99.4,99.7,99.9,100.4,98.6,99.22
298,2016-10,2016,10,1.4,2.1,1.8,128.4,0.75,0.4883,0.56,0.86,1.82,0.56,0.94,1.68,0.504,0.539,0.579,0.47,0.49,0.55,0.25,3.68,100.1,99.7,100.0,100.1,100.0,99.4,100.0,98.6,99.2,98.4,98.6,99.4,100.0,99.9,100.0,99.6,99.4,100.0,100.4,99.5,99.615
299,2016-11,2016,11,1.2,1.9,1.6,127.9,0.75,0.4893,0.7,1.27,2.16,0.69,1.35,2.06,0.509,0.547,0.581,0.47,0.51,0.59,0.35,3.7,100.0,100.0,100.0,100.1,99.9,99.6,100.0,99.6,98.9,99.1,100.1,99.8,100.0,100.0,99.5,99.6,99.8,99.8,100.0,100.0,99.79
300,2016-12,2016,12,1.3,1.8,1.6,127.4,0.75,0.4936,0.78,1.43,2.34,0.76,1.5,2.24,0.473,0.564,0.65,0.42,0.48,0.64,0.58,3.74,100.0,100.0,100.0,100.0,100.0,100.0,100.0,100.0,100.0,100.0,100.0,100.0,100.0,100.0,100.0,100.0,100.0,100.0,100.0,100.0,100.0
301,2017-01,2017,1,1.2,1.8,1.6,128.1,0.75,0.4885,0.82,1.46,2.45,0.76,1.55,2.34,0.456,0.527,0.609,0.42,0.45,0.62,0.7,3.73,99.5,100.2,100.2,100.2,100.2,100.0,99.5,101.0,101.3,100.5,101.1,100.4,99.1,100.5,99.8,99.9,99.8,100.0,99.6,100.3,100.155
302,2017-02,2017,2,1.2,1.8,1.5,128.6,0.75,0.4887,0.78,1.37,2.42,0.75,1.42,2.29,0.48,0.519,0.607,0.43,0.47,0.6,0.7,3.75,99.5,100.2,100.0,100.2,100.4,100.1,100.2,102.2,101.4,100.7,101.2,101.1,99.4,100.7,100.1,99.9,99.5,100.4,99.4,101.7,100.415
303,2017-03,2017,3,1.1,1.6,1.4,129.0,0.75,0.5003,0.72,1.27,2.28,0.73,1.37,2.14,0.513,0.555,0.644,0.48,0.54,0.62,0.66,3.66,99.3,100.3,100.0,99.9,100.3,100.7,100.2,102.2,101.4,100.7,101.5,101.3,99.6,100.8,100.3,99.9,99.5,100.6,100.1,101.7,100.515
304,2017-04,2017,4,1.1,1.6,1.4,129.0,0.75,0.4953,0.74,1.19,2.16,0.72,1.27,2.01,0.548,0.582,0.643,0.5,0.52,0.64,0.57,3.62,99.2,100.0,100.0,100.0,100.5,101.1,102.3,102.2,103.3,102.9,103.8,101.3,99.6,101.8,100.4,99.9,99.8,100.2,100.9,101.7,101.045
305,2017-05,2017,5,1.0,1.6,1.2,129.1,0.75,0.4886,0.69,1.13,2.05,0.69,1.11,1.87,0.529,0.564,0.65,0.46,0.52,0.65,0.49,3.59,99.2,100.6,100.0,100.1,100.6,101.5,103.2,102.2,104.8,102.9,105.7,101.0,99.6,102.6,100.2,99.6,99.1,100.2,103.2,101.7,101.4
306,2017-06,2017,6,1.1,1.5,1.2,129.2,0.75,0.4941,1.04,1.43,2.06,1.05,1.48,1.99,0.683,0.752,0.889,0.56,0.65,0.94,0.58,3.6,99.1,100.6,100.0,100.4,100.6,102.1,103.2,102.2,104.9,103.0,105.5,101.0,99.6,103.0,100.6,98.8,99.3,99.8,105.7,101.7,101.555
307,2017-07,2017,7,1.2,1.6,1.3,129.1,1.0,0.7414,1.28,1.76,2.35,1.27,1.8,2.29,0.74,0.933,1.136,0.68,0.73,1.13,0.74,3.72,99.3,101.0,100.5,100.4,101.0,102.3,103.2,104.3,105.0,103.0,106.7,101.0,99.6,103.2,100.7,98.8,100.2,99.8,108.9,101.7,102.03
308,2017-08,2017,8,1.2,1.6,1.4,129.2,1.0,0.7473,1.24,1.65,2.27,1.22,1.68,2.19,0.742,0.94,1.153,0.67,0.71,1.15,0.7,3.82,98.6,100.9,100.5,100.4,101.0,102.7,103.2,104.3,104.8,103.0,108.0,101.4,99.6,103.6,101.0,98.8,100.3,99.9,108.9,101.7,102.13
309,2017-09,2017,9,1.3,1.6,1.4,129.3,1.25,0.9941,1.58,1.96,2.49,1.57,2.02,2.42,1.009,1.185,1.455,0.85,0.99,1.43,0.83,3.89,98.6,101.0,100.5,100.4,101.2,102.7,103.2,104.3,105.6,103.0,108.3,101.4,99.6,104.1,100.4,98.6,100.2,99.7,109.3,101.7,102.19
310,2017-10,2017,10,1.3,1.5,1.4,129.7,1.25,0.9955,1.46,1.84,2.38,1.44,1.9,2.32,0.895,1.113,1.3,0.84,0.92,1.37,0.76,3.98,98.6,101.4,100.5,100.4,101.6,104.0,103.3,104.3,105.6,102.9,108.3,101.3,99.6,104.2,100.7,98.6,100.2,99.7,109.8,102.0,102.35
311,2017-11,2017,11,1.4,1.7,1.7,129.7,1.25,0.9916,1.43,1.72,2.23,1.41,1.77,2.16,0.872,1.045,1.296,0.84,0.88,1.31,0.6,4.04,98.8,101.4,100.9,100.5,101.6,104.6,103.3,104.3,105.6,102.9,108.7,101.8,99.6,104.4,100.1,97.9,100.5,99.9,109.8,102.0,102.43
312,2017-12,2017,12,1.5,1.7,1.8,129.0,1.25,0.997,1.66,1.9,2.2,1.64,1.92,2.15,1.05,1.201,1.522,0.96,1.05,1.53,0.52,4.07,98.8,101.3,101.1,100.5,101.6,104.7,103.3,104.1,105.6,102.9,108.9,101.9,99.6,104.5,100.1,97.9,100.1,99.9,109.9,102.0,102.435
313,2018-01,2018,1,1.6,1.8,1.8,129.6,1.5,1.2461,1.84,2.19,2.36,1.79,2.21,2.35,1.196,1.361,1.611,1.12,1.2,1.61,0.6,4.14,98.8,101.3,101.3,100.5,102.2,104.8,103.2,104.4,105.6,102.9,109.5,102.2,99.6,104.6,100.3,97.9,100.1,99.7,109.9,102.0,102.54
314,2018-02,2018,2,1.7,1.9,2.0,130.5,1.5,1.2367,1.78,2.11,2.37,1.74,2.14,2.35,1.171,1.326,1.605,1.12,1.14,1.6,0.59,4.26,98.8,101.3,101.3,100.5,102.9,105.4,102.0,104.3,106.0,102.9,110.0,102.4,99.6,104.6,99.8,97.1,99.5,99.4,109.9,102.0,102.485
315,2018-03,2018,3,1.7,1.9,1.9,130.8,1.5,1.2457,1.8,2.05,2.25,1.79,2.07,2.22,1.086,1.279,1.598,1.09,1.09,1.62,0.55,4.27,98.8,101.8,101.3,100.5,102.9,107.0,101.6,104.5,106.4,102.9,111.0,102.9,99.8,104.7,99.7,97.1,99.0,99.4,109.9,103.5,102.735
316,2018-04,2018,4,1.8,1.9,1.9,130.9,1.5,1.2461,1.93,2.26,2.47,1.88,2.3,2.45,1.2,1.387,1.684,1.17,1.2,1.62,0.72,4.27,98.8,102.3,101.2,100.4,102.9,107.1,101.0,104.7,105.8,102.9,111.2,104.1,99.8,104.7,99.6,97.5,98.9,99.3,109.9,103.5,102.78
317,2018-05,2018,5,1.7,1.8,1.9,130.8,1.5,1.2434,1.92,2.18,2.28,1.88,2.19,2.28,1.3,1.442,1.705,1.14,1.29,1.72,0.54,4.35,98.6,102.2,101.2,100.4,103.1,107.2,100.9,105.0,105.9,103.1,111.7,104.4,100.0,105.0,99.0,97.1,98.8,99.3,109.9,103.5,102.815
318,2018-06,2018,6,1.8,1.9,2.0,130.9,1.5,1.2464,1.77,1.98,2.16,1.77,2.02,2.15,1.247,1.462,1.663,1.04,1.25,1.64,0.43,4.32,98.3,102.2,101.2,100.4,104.1,108.1,100.9,105.2,106.4,103.1,111.8,104.4,100.5,105.3,98.7,97.0,99.1,99.4,110.2,103.5,102.99
319,2018-07,2018,7,1.9,1.9,2.1,131.2,1.75,1.4948,2.05,2.23,2.3,2.02,2.25,2.31,1.442,1.586,1.832,1.33,1.4,1.85,0.61,4.42,98.4,102.5,101.0,100.5,104.3,108.2,101.2,105.3,106.6,103.2,112.3,104.6,100.5,105.3,98.7,97.3,99.5,99.5,110.0,103.5,103.12
320,2018-08,2018,8,1.9,1.9,2.0,131.3,1.75,1.4961,2.14,2.26,2.32,2.11,2.29,2.33,1.509,1.715,1.968,1.38,1.54,1.97,0.6,4.43,98.4,102.5,101.2,100.5,104.7,108.9,101.2,105.4,106.6,103.1,112.7,104.6,100.8,105.4,97.7,97.3,99.1,98.8,109.4,103.5,103.09
321,2018-09,2018,9,1.7,1.9,2.0,131.3,1.75,1.4979,2.19,2.35,2.42,2.18,2.39,2.43,1.546,1.74,1.992,1.4,1.51,2.04,0.66,4.43,97.9,102.2,101.2,100.5,104.9,109.2,100.8,104.9,106.4,103.2,113.2,104.7,100.8,105.4,97.6,96.8,98.8,98.8,110.1,103.3,103.035
322,2018-10,2018,10,1.8,1.9,2.0,131.8,2.0,1.7476,2.33,2.45,2.52,2.29,2.47,2.52,1.734,1.898,2.144,1.6,1.73,2.14,0.81,4.48,97.7,102.0,100.9,100.5,105.1,109.7,100.7,105.0,106.6,103.1,113.4,105.7,100.8,105.7,97.0,96.8,98.3,99.0,110.1,103.3,103.07
323,2018-11,2018,11,1.8,1.8,1.9,131.5,2.0,1.7473,2.21,2.28,2.41,2.19,2.3,2.39,1.713,1.91,2.11,1.64,1.72,2.1,0.84,4.38,97.2,102.0,100.9,100.5,105.6,110.4,100.8,105.0,106.9,103.3,113.5,105.7,100.8,105.7,96.2,96.9,98.5,98.8,109.7,103.2,103.08
324,2018-12,2018,12,1.7,1.8,1.9,131.2,2.0,1.7516,1.91,1.94,2.15,1.9,1.96,2.12,1.665,1.808,1.938,1.63,1.67,1.92,0.75,4.59,97.2,102.0,100.9,100.5,105.5,111.0,100.7,105.1,107.0,103.3,113.6,105.7,100.6,105.6,95.6,96.8,98.8,98.9,109.4,103.2,103.07
325,2019-01,2019,1,1.8,1.8,1.9,131.6,2.0,1.7462,1.82,1.86,2.17,1.81,1.88,2.11,1.627,1.755,1.906,1.68,1.66,1.83,0.72,4.59,97.3,102.4,100.9,100.5,105.7,111.2,100.3,105.1,107.3,103.3,113.6,105.7,100.9,105.9,95.9,96.4,98.6,98.7,109.4,103.1,103.11
326,2019-02,2019,2,1.9,1.9,1.9,132.5,2.0,1.7455,1.77,1.84,2.16,1.78,1.86,2.1,1.682,1.76,1.817,1.64,1.67,1.77,0.69,4.52,97.3,102.6,100.9,100.5,105.8,111.3,100.3,105.1,107.3,103.4,114.4,106.4,101.2,105.9,95.6,96.2,98.6,98.6,108.8,103.5,103.185
327,2019-03,2019,3,1.9,2.0,2.1,132.9,2.0,1.7461,1.46,1.46,1.84,1.47,1.49,1.76,1.652,1.677,1.698,1.66,1.66,1.62,0.4,4.44,97.3,102.6,100.9,100.5,105.9,111.5,100.3,104.9,107.2,103.4,114.8,106.6,101.2,106.2,95.5,96.2,98.4,98.3,109.0,102.7,103.17
328,2019-04,2019,4,2.0,2.0,2.0,132.9,2.0,1.7459,1.51,1.55,1.99,1.55,1.59,1.9,1.666,1.713,1.709,1.7,1.68,1.67,0.51,4.33,96.9,102.6,101.0,100.5,105.9,112.2,100.1,105.3,107.0,103.8,115.3,106.9,101.2,106.2,94.3,95.5,97.5,98.2,108.5,101.9,103.04
329,2019-05,2019,5,2.1,2.1,2.2,133.5,2.0,1.745,1.53,1.49,1.82,1.57,1.51,1.75,1.687,1.723,1.723,1.66,1.69,1.7,0.44,4.3,96.9,103.2,101.0,100.5,106.2,113.0,99.7,105.3,107.5,103.8,115.5,106.9,101.2,106.1,95.0,94.8,97.4,97.8,107.9,101.1,103.04
330,2019-06,2019,6,2.1,2.0,2.0,133.5,2.0,1.7429,1.46,1.42,1.73,1.51,1.47,1.7,1.661,1.69,1.673,1.64,1.66,1.68,0.36,4.23,96.1,103.2,101.0,100.3,106.6,113.8,99.8,106.3,107.4,104.0,116.0,106.9,100.9,105.7,94.8,94.8,95.8,97.6,107.7,100.4,102.955
331,2019-07,2019,7,2.2,2.0,2.0,133.8,2.0,1.7469,1.55,1.46,1.7,1.61,1.48,1.67,1.645,1.692,1.66,1.66,1.65,1.69,0.32,4.14,95.9,103.4,101.8,100.3,109.1,115.1,98.5,106.6,107.3,103.9,116.1,106.7,101.2,106.2,94.5,94.7,95.8,96.8,107.0,100.4,103.065
332,2019-08,2019,8,2.1,2.0,2.0,133.8,2.0,1.7481,1.33,1.16,1.37,1.39,1.14,1.34,1.638,1.642,1.555,1.72,1.62,1.52,0.15,4.08,95.8,103.2,102.3,100.2,110.4,115.7,98.3,106.4,106.7,105.9,116.1,106.8,101.7,106.2,94.5,94.3,95.8,96.9,107.0,100.5,103.235
333,2019-09,2019,9,2.4,2.0,2.1,133.8,2.0,1.7454,1.58,1.41,1.57,1.59,1.4,1.54,1.624,1.683,1.737,1.64,1.64,1.7,0.3,4.07,95.8,103.2,102.7,100.2,111.2,116.6,98.9,106.6,107.3,108.4,117.1,107.0,101.7,106.5,94.7,94.5,95.7,97.0,106.8,100.8,103.635
334,2019-10,2019,10,2.3,2.0,2.1,134.2,2.0,1.7472,1.56,1.45,1.6,1.59,1.46,1.6,1.662,1.719,1.76,1.69,1.66,1.73,0.38,4.09,96.3,103.2,102.7,100.2,112.4,118.1,99.1,106.0,107.8,108.5,117.4,107.4,101.7,106.6,94.5,94.9,95.3,96.7,106.2,100.8,103.79
335,2019-11,2019,11,2.4,2.1,2.2,134.0,2.0,1.7487,1.6,1.5,1.58,1.62,1.5,1.57,1.652,1.688,1.695,1.67,1.66,1.71,0.31,4.09,96.3,103.2,102.7,100.5,114.0,119.6,99.1,106.1,107.8,108.6,117.5,107.7,101.7,106.2,92.5,94.4,95.6,95.1,104.8,100.7,103.705
336,2019-12,2019,12,2.3,2.1,2.1,133.3,2.0,1.7479,1.67,1.63,1.67,1.69,1.63,1.67,1.671,1.747,1.759,1.64,1.66,1.75,0.32,4.08,96.3,103.2,102.8,100.6,114.3,120.6,99.3,106.2,108.1,108.6,117.6,107.7,101.4,106.7,92.4,94.8,95.6,95.7,105.1,101.0,103.9
337,2020-01,2020,1,2.3,2.0,2.0,133.9,2.0,1.7487,1.47,1.32,1.45,1.51,1.33,1.42,1.642,1.686,1.718,1.66,1.64,1.62,0.15,4.08,96.3,103.7,102.8,100.6,114.7,122.5,98.7,106.1,108.1,108.6,117.9,107.8,102.7,106.5,91.1,94.4,95.0,96.1,104.3,101.0,103.945
338,2020-02,2020,2,2.0,1.9,1.9,134.9,2.0,1.7485,1.32,1.21,1.35,1.37,1.22,1.32,1.638,1.64,1.623,1.62,1.61,1.51,0.08,4.08,96.3,104.5,102.8,100.6,115.3,124.2,99.3,106.4,109.8,110.3,118.0,108.6,102.7,106.7,90.3,94.5,95.5,96.0,104.6,102.2,104.43
339,2020-03,2020,3,1.7,1.8,1.8,135.0,1.0,0.7406,0.62,0.81,1.36,0.66,0.84,1.25,0.233,0.328,0.368,0.59,0.49,0.44,0.57,3.9,96.0,104.5,103.1,100.6,116.4,126.1,99.7,107.0,110.0,110.9,118.8,108.6,102.7,106.7,89.9,94.4,94.6,96.4,105.2,102.1,104.685
340,2020-04,2020,4,1.7,1.9,1.8,134.5,0.5,0.2341,0.32,0.42,1.15,0.3,0.46,0.99,0.272,0.341,0.38,0.21,0.26,0.32,0.23,3.95,96.0,104.7,103.4,100.6,116.7,126.7,99.7,107.2,110.2,111.8,119.0,108.6,102.7,106.9,89.7,94.4,94.5,96.0,105.2,102.1,104.805
341,2020-05,2020,5,1.4,1.8,1.5,134.4,0.5,0.2379,0.3,0.41,1.1,0.28,0.44,0.92,0.255,0.27,0.297,0.19,0.22,0.29,0.16,3.86,96.0,105.3,103.4,100.5,116.7,128.2,99.7,107.3,110.3,111.9,119.6,108.6,102.7,106.7,89.9,94.5,94.5,96.0,105.2,102.1,104.955
342,2020-06,2020,6,1.5,1.8,1.7,135.0,0.5,0.2327,0.3,0.43,1.02,0.26,0.46,0.95,0.209,0.244,0.284,0.15,0.21,0.28,-0.07,3.77,96.0,105.8,103.4,100.6,117.2,128.4,99.7,107.1,111.4,112.3,119.7,108.6,102.7,107.3,89.3,94.7,94.4,96.0,105.2,102.1,105.095
343,2020-07,2020,7,1.4,1.8,1.6,134.9,0.5,0.2407,0.26,0.35,0.95,0.23,0.39,0.86,0.165,0.19,0.234,0.16,0.16,0.23,-0.21,3.64,95.7,106.4,103.4,100.8,118.0,129.8,99.6,108.4,112.1,113.3,120.0,109.6,102.7,107.4,89.5,94.7,93.5,95.7,105.8,102.1,105.425
344,2020-08,2020,8,1.5,1.9,1.6,134.9,0.5,0.2337,0.29,0.45,1.12,0.26,0.49,1.01,0.149,0.176,0.221,0.16,0.14,0.22,-0.19,3.57,95.8,108.1,103.4,102.4,118.0,131.5,100.1,109.3,112.1,113.5,120.8,110.2,103.2,108.3,90.1,94.7,93.3,95.6,107.3,102.5,106.01
345,2020-09,2020,9,1.4,2.0,1.7,135.0,0.5,0.2181,0.25,0.39,1.11,0.23,0.48,0.99,0.136,0.163,0.219,0.18,0.12,0.21,-0.21,3.51,97.2,109.3,104.5,103.3,119.5,135.1,100.9,113.0,112.3,113.9,121.5,111.6,103.5,110.8,89.7,94.6,94.0,96.0,110.1,106.0,107.34
346,2020-10,2020,10,1.6,2.0,1.8,135.7,0.5,0.2337,0.24,0.41,1.17,0.21,0.5,1.01,0.086,0.131,0.179,0.12,0.09,0.17,-0.28,3.45,100.3,111.0,104.5,103.8,121.8,137.9,101.9,113.0,113.8,114.4,121.7,112.8,103.7,110.7,90.2,95.2,94.4,96.5,112.3,106.3,108.31
347,2020-11,2020,11,1.7,2.0,1.9,135.9,0.5,0.2336,0.27,0.51,1.22,0.26,0.6,1.06,0.109,0.157,0.213,0.16,0.12,0.19,-0.3,3.42,101.1,112.2,104.5,105.6,123.9,141.3,102.0,113.4,115.2,117.2,122.0,112.9,103.7,111.2,90.2,95.2,95.1,97.2,112.6,107.0,109.175
348,2020-12,2020,12,1.6,2.0,1.8,135.3,0.5,0.1741,0.2,0.48,1.24,0.2,0.6,1.13,0.115,0.151,0.196,0.04,0.07,0.15,-0.27,3.34,101.4,112.2,104.5,107.1,125.0,143.0,102.6,114.8,115.8,118.6,122.9,113.2,104.0,111.0,90.6,95.4,95.2,96.9,112.4,109.0,109.78
349,2021-01,2021,1,1.6,2.1,1.9,136.0,0.5,0.1826,0.16,0.52,1.45,0.15,0.67,1.32,0.056,0.098,0.131,0.05,0.06,0.12,-0.12,3.3,101.3,112.2,104.4,110.5,124.9,145.6,103.9,120.9,116.7,118.5,125.5,115.5,106.5,112.9,90.8,96.4,95.5,97.0,112.5,109.1,111.03
350,2021-02,2021,2,1.6,2.2,2.0,136.5,0.5,0.2143,0.23,0.91,1.88,0.23,1.09,1.77,0.073,0.108,0.147,0.09,0.11,0.14,0.2,3.25,101.3,115.5,105.9,114.7,126.2,146.6,104.7,120.9,117.0,120.7,126.0,116.3,107.7,115.3,90.4,97.2,96.7,98.2,116.0,110.2,112.375
351,2021-03,2021,3,2.0,2.2,2.2,136.8,0.5,0.1529,0.22,1.26,1.97,0.23,1.39,1.9,0.096,0.138,0.175,0.06,0.09,0.16,0.22,3.26,102.5,117.0,109.4,119.2,128.6,151.7,105.7,120.9,121.7,122.6,127.5,118.2,108.2,116.9,92.4,98.7,97.8,99.4,116.3,115.8,114.525
352,2021-04,2021,4,2.1,2.3,2.4,137.5,0.5,0.1669,0.31,1.22,2.07,0.3,1.34,1.96,0.101,0.157,0.22,0.07,0.1,0.2,0.38,3.25,103.3,120.0,111.3,119.3,138.8,160.9,107.1,120.9,124.4,123.6,128.5,128.1,118.6,122.3,91.6,99.9,101.6,100.1,114.8,117.2,117.615
353,2021-05,2021,5,2.5,2.5,2.7,138.2,0.5,0.1872,0.31,1.14,2.04,0.3,1.25,1.91,0.109,0.16,0.205,0.08,0.1,0.2,0.21,3.25,102.8,122.3,110.2,119.4,141.6,165.1,107.3,120.9,124.8,131.4,135.3,131.0,119.3,129.9,94.2,104.1,105.7,103.2,117.1,117.8,120.17
354,2021-06,2021,6,2.5,2.6,2.8,138.6,0.5,0.1873,0.45,1.15,1.84,0.44,1.28,1.77,0.142,0.183,0.246,0.14,0.15,0.23,0.11,3.26,103.5,122.3,110.8,119.4,143.0,167.8,107.5,120.9,126.7,132.4,136.5,133.0,119.3,133.0,95.6,107.0,111.0,104.0,118.0,118.1,121.49
355,2021-07,2021,7,2.7,2.8,3.2,139.4,0.5,0.193,0.45,0.94,1.73,0.38,1.07,1.64,0.18,0.203,0.259,0.16,0.17,0.28,0.02,3.2,103.6,122.3,112.2,119.4,144.9,168.8,107.8,120.9,126.7,133.9,136.6,133.2,121.4,133.7,96.2,108.5,110.8,105.1,118.3,119.7,122.2
356,2021-08,2021,8,2.9,2.9,3.4,139.6,0.5,0.2026,0.45,1.04,1.82,0.42,1.15,1.73,0.178,0.195,0.282,0.19,0.18,0.27,0.15,3.2,103.7,122.3,114.6,119.4,146.6,173.4,108.9,120.9,126.7,133.3,142.6,133.3,121.4,135.2,96.5,108.3,111.3,104.2,119.3,119.7,123.08
357,2021-09,2021,9,3.0,3.0,3.5,140.1,0.5,0.1824,0.53,1.24,1.98,0.52,1.4,1.92,0.146,0.179,0.319,0.2,0.12,0.29,0.25,3.22,103.1,122.3,114.6,121.5,149.7,174.2,108.9,120.9,127.3,134.2,142.6,136.9,120.6,135.5,96.7,106.9,111.3,103.8,120.7,121.4,123.655
358,2021-10,2021,10,3.0,3.0,3.5,140.8,0.5,0.2025,1.07,1.47,1.92,0.98,1.54,1.88,0.146,0.241,0.547,0.16,0.13,0.71,0.09,3.29,103.1,122.3,114.7,121.8,150.2,175.1,110.6,120.9,129.6,140.5,146.4,137.1,120.5,138.6,98.2,106.6,111.6,103.5,122.0,126.3,124.98
359,2021-11,2021,11,3.1,3.1,3.5,140.9,0.5,0.2078,1.05,1.62,2.07,1.04,1.69,2.03,0.129,0.372,0.799,0.19,0.09,0.75,0.15,3.4,104.7,122.3,114.7,122.4,151.9,175.6,112.2,120.9,129.6,143.7,151.3,138.8,121.7,139.7,98.5,106.6,112.2,103.2,123.3,126.3,125.98
360,2021-12,2021,12,3.2,3.4,3.9,140.9,0.5,0.1274,0.99,1.32,1.76,0.95,1.41,1.75,0.174,0.422,0.819,0.07,0.16,0.75,-0.04,3.45,104.7,122.3,116.2,123.2,152.6,175.9,112.2,120.9,130.3,149.2,151.2,139.0,121.7,144.1,98.5,107.5,112.7,103.6,123.6,126.7,126.805
361,2022-01,2022,1,3.7,3.7,4.2,142.0,0.5,0.1811,1.26,1.7,2.07,1.22,1.78,2.07,0.517,0.758,1.1,0.21,0.32,0.97,0.33,3.44,106.7,122.3,116.2,125.2,152.6,178.4,112.2,120.9,130.3,149.2,152.6,139.7,121.7,146.7,99.5,108.0,116.1,105.3,126.3,128.2,127.905
362,2022-02,2022,2,4.0,3.9,4.5,143.0,0.5,0.1754,1.57,1.81,2.23,1.49,1.92,2.24,0.618,0.861,1.304,0.16,0.37,1.28,0.56,3.58,106.7,122.3,119.1,130.6,154.8,179.3,113.4,121.9,130.3,152.2,153.3,139.7,121.7,148.9,99.6,108.5,122.0,109.2,126.7,128.8,129.45
363,2022-03,2022,3,4.5,4.3,5.0,144.5,0.75,0.4403,2.31,2.41,2.41,2.21,2.42,2.45,0.773,1.365,1.989,0.36,0.58,1.96,0.58,3.77,106.7,123.9,119.1,131.3,160.0,181.7,114.6,121.9,130.3,154.3,155.9,143.1,121.7,155.0,100.9,109.3,128.3,111.3,127.0,132.1,131.42
364,2022-04,2022,4,4.9,4.8,5.3,145.4,1.25,0.9208,2.5,2.64,2.79,2.47,2.75,2.82,1.376,1.806,2.412,0.86,1.32,2.28,0.91,4.19,106.7,123.9,121.1,131.3,159.2,185.0,114.6,121.9,130.3,154.3,155.9,144.1,121.7,156.9,103.0,109.6,131.1,112.0,127.2,132.1,132.095
365,2022-05,2022,5,5.4,5.0,5.6,146.6,1.25,0.9486,2.53,2.63,2.76,2.48,2.72,2.8,1.477,2.032,2.519,0.94,1.37,2.36,1.05,4.63,106.7,127.5,121.1,132.6,161.1,187.4,114.6,121.9,133.0,154.3,156.1,147.4,122.3,158.6,103.0,110.0,133.4,113.5,127.2,132.1,133.19
366,2022-06,2022,6,5.5,5.1,5.7,147.1,1.75,1.4479,3.14,3.22,3.21,3.12,3.27,3.24,2.105,2.698,3.304,1.54,2.09,3.1,1.41,5.05,107.4,127.5,121.1,133.3,160.9,188.9,114.6,121.9,133.0,155.2,156.1,149.0,122.5,158.6,103.1,110.7,133.6,113.6,127.2,132.1,133.515
367,2022-07,2022,7,5.8,5.2,5.6,147.8,2.75,2.4656,3.08,2.74,2.83,3.09,2.77,2.85,2.696,3.183,3.45,2.44,2.65,3.24,1.05,5.51,107.4,127.5,121.1,133.3,160.6,190.2,114.6,121.9,133.0,154.8,156.1,149.0,122.5,158.6,103.1,110.5,133.2,113.2,127.6,132.1,133.515
368,2022-08,2022,8,5.8,5.0,5.3,147.9,2.75,2.4812,3.64,3.14,3.02,3.65,3.14,3.06,3.318,3.613,3.841,2.85,3.22,3.74,1.24,5.58,107.4,127.5,121.1,133.3,160.7,189.4,114.6,121.9,133.0,155.4,156.1,149.0,122.5,158.6,103.1,118.4,133.6,113.4,127.6,132.1,133.935
369,2022-09,2022,9,5.8,5.2,5.4,148.4,3.5,3.213,3.75,3.12,2.97,3.72,3.12,3.03,3.652,3.922,4.147,3.12,3.55,3.98,1.26,5.64,108.1,127.5,121.1,133.3,160.6,189.4,114.6,121.3,132.7,154.7,156.1,148.5,122.5,158.6,103.0,118.3,133.0,113.5,127.6,132.1,133.825
370,2022-10,2022,10,5.9,5.4,5.5,149.0,3.5,3.2348,3.87,3.27,3.42,3.87,3.28,3.43,4.172,4.362,4.551,3.71,3.86,4.2,1.39,5.75,108.1,127.5,121.1,133.7,161.5,189.8,114.6,121.3,132.7,155.4,155.5,148.5,122.5,157.2,102.6,118.7,132.9,112.6,126.9,131.9,133.75
371,2022-11,2022,11,6.1,5.4,5.5,149.0,4.0,3.7477,3.89,2.92,3.01,3.86,2.95,3.02,4.133,4.329,4.49,3.73,4.06,4.38,1.14,5.88,108.1,127.5,121.1,134.3,160.7,188.9,114.6,121.3,132.7,155.4,155.5,148.5,121.9,157.2,102.6,117.8,132.9,112.1,126.8,131.9,133.59
372,2022-12,2022,12,6.0,5.3,5.3,148.5,4.5,4.2498,4.02,3.23,3.28,4.03,3.28,3.31,4.303,4.411,4.48,4.13,4.25,4.51,1.22,5.89,108.1,127.5,121.1,134.3,161.2,188.9,114.6,121.3,132.7,155.4,155.1,148.5,121.9,156.6,102.1,117.5,133.0,111.8,126.8,131.9,133.515
373,2023-01,2023,1,6.1,5.1,5.1,149.0,4.5,4.2451,3.56,2.73,2.91,3.74,2.76,2.92,4.458,4.567,4.557,4.26,4.37,4.37,1.08,6.31,108.8,127.0,121.1,134.3,161.2,188.6,114.6,121.3,132.7,152.7,155.1,148.5,121.9,153.8,102.1,117.5,133.2,111.3,126.2,130.1,133.1
374,2023-02,2023,2,5.9,4.9,4.8,149.7,4.75,4.4764,4.2,3.37,3.3,4.25,3.38,3.34,4.564,4.672,4.756,4.4,4.5,4.64,1.35,5.81,108.8,127.0,121.1,134.3,161.2,188.1,114.1,121.3,130.6,152.6,154.1,147.8,121.9,154.2,101.9,116.6,133.2,110.5,126.0,128.7,132.7
375,2023-03,2023,3,5.7,4.6,4.4,150.6,4.75,4.4968,3.75,2.9,3.04,3.79,2.92,3.06,4.407,4.435,4.346,4.27,4.3,4.3,1.34,5.81,108.8,127.5,121.1,134.3,161.2,186.0,114.1,121.3,130.5,152.6,154.9,147.4,121.9,153.2,101.9,116.7,133.2,111.0,126.0,127.9,132.575
376,2023-04,2023,4,5.6,4.3,4.2,151.4,4.75,4.4924,3.62,2.81,2.97,3.69,2.83,2.98,4.45,4.533,4.45,4.25,4.38,4.4,1.31,5.75,108.3,126.6,121.1,137.1,161.9,184.4,114.1,121.3,130.4,152.6,153.2,146.6,121.9,155.4,103.1,117.1,133.1,110.8,126.0,127.9,132.645
377,2023-05,2023,5,5.2,3.9,3.7,152.0,4.75,4.4929,4.22,3.22,3.14,4.22,3.22,3.18,4.563,4.69,4.754,4.57,4.59,4.71,1.37,5.74,108.3,126.6,121.1,138.7,161.9,184.0,113.8,120.6,130.0,152.8,153.2,146.6,120.3,155.4,103.1,116.9,134.1,110.2,126.4,127.9,132.595
378,2023-06,2023,6,5.1,3.9,3.7,151.8,5.0,4.7363,4.52,3.31,3.11,4.47,3.29,3.15,4.932,5.067,5.2,4.7,4.89,5.01,1.39,5.85,108.3,126.6,121.1,138.7,161.2,183.6,113.8,120.6,130.0,153.5,152.5,146.2,121.2,155.3,103.1,114.7,135.1,108.7,127.4,127.6,132.46
379,2023-07,2023,7,4.8,3.8,3.6,152.5,5.25,4.9915,4.65,3.56,3.29,4.7,3.53,3.34,5.034,5.164,5.218,4.88,5.0,5.17,1.6,5.99,110.0,126.6,121.1,138.4,161.2,182.2,113.8,120.8,129.4,153.5,152.5,146.2,119.9,155.3,102.3,115.0,135.5,108.8,127.2,126.5,132.31
380,2023-08,2023,8,4.8,4.0,3.9,152.8,5.25,4.997,4.65,3.68,3.41,4.68,3.66,3.46,5.157,5.219,5.27,4.93,5.08,5.14,1.73,6.17,110.0,126.6,121.1,138.4,161.2,179.6,113.5,120.8,129.0,153.5,152.5,146.4,119.9,155.5,102.1,114.5,136.4,108.8,127.6,126.5,132.195
381,2023-09,2023,9,4.4,3.7,3.6,152.6,5.25,4.9906,4.96,4.18,3.87,4.92,4.15,3.93,5.145,5.246,5.352,4.9,5.07,5.26,2.11,6.27,110.0,126.6,121.1,138.4,159.8,178.5,113.5,120.8,128.5,153.5,152.6,146.4,119.9,155.5,102.1,114.3,136.5,108.0,127.1,126.5,131.98
382,2023-10,2023,10,4.2,3.5,3.5,153.1,5.25,5.0105,4.73,4.16,3.88,4.77,4.16,3.96,5.161,5.212,5.238,4.96,5.08,5.12,2.13,6.42,110.0,126.6,121.1,138.9,160.0,178.4,113.2,120.3,128.6,154.7,151.7,146.4,119.9,155.5,102.1,114.1,136.0,108.3,127.1,126.5,131.97
383,2023-11,2023,11,3.9,3.5,3.5,153.2,5.25,5.0139,4.17,3.53,3.34,4.18,3.53,3.39,5.042,5.047,4.945,4.94,5.0,4.78,1.59,6.47,108.6,126.6,121.1,138.9,160.0,177.2,112.7,119.0,129.3,153.6,151.1,146.4,119.2,154.6,101.7,113.2,135.5,107.9,127.1,125.3,131.45
384,2023-12,2023,12,3.9,3.5,3.7,152.4,5.25,5.0218,3.91,3.1,2.96,3.94,3.08,3.0,5.037,4.991,4.707,4.93,4.89,4.58,1.36,6.39,108.6,124.8,120.8,139.1,160.0,176.9,112.5,119.0,129.3,152.9,151.1,146.4,119.2,155.0,100.6,113.5,136.3,107.5,127.1,125.3,131.295
